household_key,snapshot_day,target_inactive,calibration_fold,raw_model_score,platt_probability_in_sample
1,487,0,431_to_487,0.015141752647331207,0.010493564115527654
2,487,0,431_to_487,0.04972159641895662,0.038643296285230895
3,487,0,431_to_487,0.027179169651370544,0.019906446715237024
4,487,0,431_to_487,0.17671940919674864,0.15733318490591267
5,487,0,431_to_487,0.08943168018593821,0.07386024119518818
6,487,0,431_to_487,0.006607734992081197,0.004243997017431651
7,487,0,431_to_487,0.03072801463924692,0.022773795331344614
8,487,0,431_to_487,0.021168346679676524,0.015138813183998671
9,487,0,431_to_487,0.18321024628978097,0.1637824705464343
11,487,1,431_to_487,0.4427908864931807,0.4367986851922932
13,487,0,431_to_487,0.00825695437006753,0.00541166624570006
14,487,0,431_to_487,0.013068604998957668,0.008933893376946994
15,487,0,431_to_487,0.13111389328724507,0.11288336861994806
16,487,0,431_to_487,0.1086409296861449,0.0916242447666495
17,487,0,431_to_487,0.03030673278984147,0.022431552621801368
18,487,0,431_to_487,0.009930387294564937,0.006619095054062861
19,487,0,431_to_487,0.0031912134384224364,0.0019198167823002742
20,487,0,431_to_487,0.01341449746524386,0.009192556396202948
21,487,0,431_to_487,0.08657930573007361,0.07125831914293505
22,487,0,431_to_487,0.012855298459016723,0.008774705945938719
23,487,0,431_to_487,0.024599144638473857,0.01784545551402304
25,487,0,431_to_487,0.011720713843615897,0.00793232215639141
26,487,0,431_to_487,0.04622085795861672,0.03566035541884241
27,487,0,431_to_487,0.006111685757194001,0.0038977764916811666
28,487,0,431_to_487,0.013617287734481091,0.00934450497320726
29,487,0,431_to_487,0.14091029692951818,0.12229346593914017
30,487,0,431_to_487,0.15057652414371178,0.13165630842108944
31,487,0,431_to_487,0.05024802026072062,0.039093870875574685
32,487,0,431_to_487,0.015444354749507786,0.01072302083333462
33,487,1,431_to_487,0.055590671076694846,0.0436951397123963
34,487,0,431_to_487,0.3095447806594724,0.2938148345685692
35,487,0,431_to_487,0.07505552701153712,0.060850332851237636
36,487,0,431_to_487,0.010330041165613871,0.00691043520988171
37,487,0,431_to_487,0.05448631945654933,0.04273989272599202
38,487,0,431_to_487,0.2633835847639639,0.2454485892243212
39,487,0,431_to_487,0.08360352607305165,0.06855442309394183
40,487,0,431_to_487,0.008657377064648555,0.005698653837583906
41,487,0,431_to_487,0.009293971523113941,0.006157456011094851
42,487,0,431_to_487,0.00855473535156902,0.005624968502808884
43,487,0,431_to_487,0.009323207355112233,0.006178599248685398
44,487,0,431_to_487,0.049004336565390785,0.03803021735095332
45,487,0,431_to_487,0.26015876146529426,0.24210162222088125
46,487,0,431_to_487,0.012359980278491856,0.008406039147879444
47,487,0,431_to_487,0.017826521882684052,0.012544086029841514
48,487,0,431_to_487,0.02324988938770094,0.016776162294204925
49,487,0,431_to_487,0.007227426671511631,0.004679891845372213
50,487,1,431_to_487,0.37709743944328183,0.3658316063671446
51,487,0,431_to_487,0.027523990786986263,0.02018344978853813
52,487,0,431_to_487,0.010625500553846307,0.0071265082497605214
53,487,0,431_to_487,0.021281386226609265,0.015227332201350075
54,487,0,431_to_487,0.26976066337909116,0.2520803537165793
55,487,0,431_to_487,0.008361828097149126,0.005486707131141906
56,487,0,431_to_487,0.005105526093671266,0.003203672795998174
57,487,0,431_to_487,0.020794734724572075,0.01484658068492835
58,487,0,431_to_487,0.0038511628247326515,0.0023561384719043366
59,487,0,431_to_487,0.10152645172283406,0.0849979747493102
61,487,1,431_to_487,0.4283023745082106,0.4210931235087724
62,487,0,431_to_487,0.056028953283247834,0.04407482913659959
63,487,0,431_to_487,0.18763694800807443,0.16819665302510867
64,487,0,431_to_487,0.007536386672549047,0.004898535956065895
65,487,0,431_to_487,0.048809802435195296,0.037864106342209526
66,487,1,431_to_487,0.18234209829898754,0.16291826742538143
67,487,0,431_to_487,0.0063018131471395435,0.004030181200756323
68,487,0,431_to_487,0.001050934948893963,0.0005728150922100201
69,487,0,431_to_487,0.012314341477136703,0.008372140261896479
70,487,0,431_to_487,0.11268714098716331,0.09541606542148795
71,487,0,431_to_487,0.022480179514254257,0.016168924775052745
72,487,0,431_to_487,0.005675489782350203,0.0035954614639274974
73,487,0,431_to_487,0.01232101380299585,0.008377095481035038
74,487,0,431_to_487,0.006104245602931738,0.003892602819849494
75,487,0,431_to_487,0.04772824517110131,0.03694188974734236
76,487,0,431_to_487,0.16943976138639064,0.15013402743781284
77,487,0,431_to_487,0.01929216857321486,0.013676642738182759
78,487,0,431_to_487,0.009364730085300128,0.006208639037614019
79,487,0,431_to_487,0.0045222116504128615,0.00280684901663601
80,487,0,431_to_487,0.01586130760211768,0.01103990119400913
81,487,0,431_to_487,0.017770365477835847,0.012500869174692904
82,487,0,431_to_487,0.08169417801948796,0.06682535667315095
83,487,0,431_to_487,0.04394902641311284,0.0337374498199323
84,487,0,431_to_487,0.048885900620105754,0.03792907738346635
85,487,0,431_to_487,0.007451431739985075,0.004838330628029762
86,487,0,431_to_487,0.07972330104534363,0.06504545616456286
87,487,0,431_to_487,0.02861912382859371,0.021065526389826443
88,487,0,431_to_487,0.00248646900648652,0.0014629101790432522
89,487,0,431_to_487,0.30962454746539886,0.2938990865451305
91,487,0,431_to_487,0.008098995847539748,0.0052988096855950155
92,487,0,431_to_487,0.1377958978700938,0.11929305065445957
93,487,0,431_to_487,0.009754574350032356,0.006491278337461468
94,487,0,431_to_487,0.09293774666928081,0.07707171009424879
95,487,0,431_to_487,0.005491638929379228,0.0034686701249832383
96,487,1,431_to_487,0.3089948915285089,0.2932340839837855
97,487,0,431_to_487,0.0062847096489899975,0.004018255050424075
98,487,0,431_to_487,0.026810716380843168,0.019610854546031394
99,487,0,431_to_487,0.003465559338972324,0.002100292856441351
100,487,1,431_to_487,0.058221219465260474,0.045978898390142034
101,487,0,431_to_487,0.02245217550924571,0.01614687071688171
103,487,0,431_to_487,0.15217772088826773,0.13321440257740888
104,487,0,431_to_487,0.00481893886667574,0.0030081600053964022
105,487,0,431_to_487,0.015213660123757662,0.010548050086296926
106,487,0,431_to_487,0.14233420079565637,0.12366793548980702
108,487,0,431_to_487,0.057396460649302046,0.045261616061763155
109,487,0,431_to_487,0.0068466328938373575,0.004411608868825425
110,487,0,431_to_487,0.005905854834475694,0.003754864106640668
111,487,1,431_to_487,0.024499139995214487,0.017765994430279604
112,487,0,431_to_487,0.015024935649084805,0.010405102633152682
113,487,0,431_to_487,0.004872141768836571,0.0030443769712669468
114,487,0,431_to_487,0.034337269956812584,0.02572521013640809
115,487,0,431_to_487,0.005707486842896496,0.003617566971358162
116,487,0,431_to_487,0.05007029294582262,0.03894169351470232
117,487,0,431_to_487,0.008002981149996547,0.0052303102579524564
118,487,0,431_to_487,0.0100577346794313,0.006711810779925054
119,487,0,431_to_487,0.019855675926302035,0.014114384010155537
120,487,1,431_to_487,0.16358835808093913,0.14437423099536995
121,487,0,431_to_487,0.010680692070831634,0.007166934057127494
122,487,0,431_to_487,0.021929055691399732,0.015735405562401952
123,487,0,431_to_487,0.00771221019969518,0.00502333757229111
124,487,0,431_to_487,0.3824476329594936,0.3715836944467359
125,487,0,431_to_487,0.010868717885821784,0.007304804325956362
126,487,0,431_to_487,0.23282033746505693,0.21391909575539178
127,487,0,431_to_487,0.007631586585974648,0.004966076710348024
128,487,0,431_to_487,0.25735089698309976,0.23919112331825626
129,487,0,431_to_487,0.03048107765090557,0.022573128604271072
131,487,0,431_to_487,0.007075986003526329,0.004573035287361518
132,487,0,431_to_487,0.01589812179700011,0.011067918865095075
133,487,0,431_to_487,0.01182547427503077,0.008009787718765482
134,487,0,431_to_487,0.01841472307789149,0.012997550063711883
135,487,0,431_to_487,0.06191198578825577,0.04920234763068968
136,487,0,431_to_487,0.012397297802392706,0.008433766177984088
137,487,0,431_to_487,0.09457743145107395,0.07857852269865198
138,487,0,431_to_487,0.026771396954377646,0.019579334766891963
139,487,0,431_to_487,0.022502735045997615,0.01618668998241447
140,487,0,431_to_487,0.08734580356072655,0.07195654879883877
141,487,0,431_to_487,0.0665947507013741,0.05332306440591113
142,487,0,431_to_487,0.006509950502685193,0.004175551527086221
143,487,0,431_to_487,0.006935044089191306,0.004473777131724358
144,487,0,431_to_487,0.035190202860312644,0.02642754054833655
145,487,0,431_to_487,0.08068143715131881,0.06591012402656467
146,487,0,431_to_487,0.09596965143232282,0.07986033217857806
147,487,0,431_to_487,0.12482928708033028,0.10689063746352523
148,487,0,431_to_487,0.15069087422306185,0.13176751418396584
149,487,0,431_to_487,0.02663509918069713,0.01947011032763933
150,487,1,431_to_487,0.4053090461683399,0.3962243001331353
152,487,0,431_to_487,0.12308634133792092,0.10523497217720906
153,487,0,431_to_487,0.02278345785931644,0.01640794168430283
154,487,0,431_to_487,0.21388151279871548,0.19461409996609189
155,487,0,431_to_487,0.037251197347507786,0.028131914916666407
156,487,0,431_to_487,0.0030325562947248553,0.0018160773852921202
157,487,0,431_to_487,0.017627313604647147,0.01239083987064715
158,487,0,431_to_487,0.006298782807885724,0.004028067948046726
159,487,0,431_to_487,0.028283787623438496,0.02079505682096759
160,487,0,431_to_487,0.049574331525130064,0.038517342525732516
161,487,0,431_to_487,0.020051383322257036,0.014266702012596959
162,487,0,431_to_487,0.04054622001562064,0.030877290794690967
163,487,1,431_to_487,0.308988726959687,0.2932275740155598
164,487,0,431_to_487,0.006010494644195246,0.003827461132122732
165,487,0,431_to_487,0.008495631614679849,0.0055825760806938116
166,487,0,431_to_487,0.012344486317952711,0.008394529438949694
167,487,0,431_to_487,0.321150789762531,0.30609531514075977
168,487,0,431_to_487,0.08200874660726544,0.0671099053636265
169,487,0,431_to_487,0.3819275946625923,0.3710243342885887
170,487,0,431_to_487,0.06508648201338656,0.05199215982622718
171,487,0,431_to_487,0.31800888497684193,0.30276654371582823
172,487,0,431_to_487,0.012500600136956417,0.008510561677286355
174,487,1,431_to_487,0.0405606982808118,0.030889407579291463
175,487,0,431_to_487,0.01019049770978671,0.0068085874754642076
176,487,0,431_to_487,0.1960759112958285,0.17664610327839161
177,487,0,431_to_487,0.007639947023654549,0.004972011889146939
178,487,0,431_to_487,0.11885781311521477,0.10122993364393554
179,487,0,431_to_487,0.08179010612741426,0.06691211679609944
180,487,0,431_to_487,0.03369306403951551,0.025195953963911288
181,487,0,431_to_487,0.19152807862830717,0.1720871006590203
182,487,0,431_to_487,0.031172583331407253,0.023135480504821743
183,487,0,431_to_487,0.011953377715721237,0.00810445516221224
184,487,0,431_to_487,0.007555199555300843,0.004911876722170797
185,487,0,431_to_487,0.0525261005688051,0.04104959195876465
187,487,0,431_to_487,0.07621367278809939,0.06188848956550483
189,487,0,431_to_487,0.10616090201511881,0.0893083834335668
190,487,0,431_to_487,0.20275417320454367,0.1833635445338633
191,487,0,431_to_487,0.16901336675490086,0.14971348679373947
192,487,0,431_to_487,0.009669410229666305,0.006429441497011175
193,487,0,431_to_487,0.03212811643298476,0.023914663293207444
194,487,0,431_to_487,0.045894692335983645,0.03538364747729042
195,487,0,431_to_487,0.06902031064932478,0.055470497161887344
196,487,0,431_to_487,0.0052859081823388625,0.0033272519696978826
197,487,0,431_to_487,0.033729701880958536,0.02522602622362247
198,487,0,431_to_487,0.003796970061967595,0.0023200356111348973
199,487,0,431_to_487,0.046689632941289326,0.03605841687670469
200,487,0,431_to_487,0.36071521729031536,0.34825749899497926
201,487,0,431_to_487,0.034458531362647635,0.02582495044953084
202,487,0,431_to_487,0.49487971691591764,0.4934041444640036
203,487,0,431_to_487,0.07272279356380569,0.05876485478908608
204,487,0,431_to_487,0.07431449185761038,0.06018703026191264
205,487,0,431_to_487,0.0261869401432076,0.019111372227571883
208,487,0,431_to_487,0.007222729747282987,0.004676574545981479
209,487,0,431_to_487,0.01727657507531343,0.01212143833425576
210,487,0,431_to_487,0.006177569546178782,0.003943615498615748
211,487,0,431_to_487,0.01764162377939308,0.012401842709494786
212,487,0,431_to_487,0.01787486430124629,0.01258130009420832
214,487,0,431_to_487,0.008554074690846373,0.005624494488990971
215,487,0,431_to_487,0.012614803419972002,0.008595531661139298
216,487,0,431_to_487,0.01990166590514576,0.014150164459673776
217,487,0,431_to_487,0.03225018776694138,0.024014379793338286
218,487,0,431_to_487,0.01284826223516069,0.008769459208616954
219,487,0,431_to_487,0.0071965367581342966,0.00465807888706713
220,487,0,431_to_487,0.021579007450559635,0.015460616781081241
221,487,0,431_to_487,0.007305379352665058,0.004734976696970917
222,487,0,431_to_487,0.016517666627510072,0.01154036438371559
223,487,0,431_to_487,0.11375465743777738,0.0964191957142711
224,487,0,431_to_487,0.051788708951395826,0.04041551077379282
225,487,0,431_to_487,0.13754574224021673,0.11905240279511703
226,487,1,431_to_487,0.24197516697313615,0.22331704229440613
227,487,0,431_to_487,0.012883449480008309,0.008795700214638684
228,487,0,431_to_487,0.024730411365755278,0.017949806061981426
229,487,0,431_to_487,0.05198074350256523,0.04058054630272228
230,487,0,431_to_487,0.0059494737586991584,0.003785111758848055
232,487,0,431_to_487,0.004009252930570008,0.0024617190356374216
233,487,1,431_to_487,0.4822581842565084,0.479675137415733
234,487,0,431_to_487,0.19772146858030612,0.17829882533336167
235,487,0,431_to_487,0.013321231770131187,0.009122747289781985
236,487,0,431_to_487,0.3056902301578011,0.2897461054187001
237,487,1,431_to_487,0.35542279594222875,0.3425934039013498
239,487,0,431_to_487,0.004637551089053201,0.002884960446324138
241,487,1,431_to_487,0.27516502008051064,0.2577138628950349
242,487,0,431_to_487,0.01640261142860403,0.011452494358677321
243,487,0,431_to_487,0.005897881010723708,0.0037493368598648866
244,487,0,431_to_487,0.02577669064220541,0.01878352480787708
245,487,0,431_to_487,0.09603047174596988,0.07991637911116134
246,487,0,431_to_487,0.031350573142708754,0.023280436314429255
247,487,0,431_to_487,0.04413133680047677,0.03389137300123653
248,487,0,431_to_487,0.14235615373265076,0.12368913931565113
249,487,0,431_to_487,0.011973753798844706,0.008119545424082766
250,487,0,431_to_487,0.009020292550886945,0.005959838039687408
251,487,0,431_to_487,0.022246457316235552,0.01598494548925691
252,487,1,431_to_487,0.2664887490420206,0.2486756093686492
253,487,0,431_to_487,0.00611219612226158,0.0038981314063550837
254,487,0,431_to_487,0.14978301976398975,0.130884904742255
255,487,0,431_to_487,0.13231902879630955,0.11403653943266677
256,487,0,431_to_487,0.009745146978474842,0.006484430701249138
257,487,0,431_to_487,0.010790593711146086,0.007247491948483488
258,487,0,431_to_487,0.008576145854522476,0.005640332060950534
259,487,0,431_to_487,0.03559060988008481,0.026757864268607944
260,487,1,431_to_487,0.09159024556046726,0.07583572860888144
261,487,0,431_to_487,0.034904742956011016,0.02619228427670148
262,487,0,431_to_487,0.02218984428616178,0.015940410341974135
263,487,0,431_to_487,0.004008719505848519,0.00246136214191758
264,487,0,431_to_487,0.016988357374395982,0.011900458686721908
265,487,0,431_to_487,0.0730593929137081,0.05906531176676276
266,487,0,431_to_487,0.12630338506074087,0.10829308680829645
267,487,0,431_to_487,0.08308680427080199,0.06808603557546783
268,487,0,431_to_487,0.08235679439014315,0.06742488509836528
269,487,0,431_to_487,0.15806342181265792,0.13895856600555084
270,487,1,431_to_487,0.10405555983693172,0.08734742728378614
271,487,0,431_to_487,0.07651335383665374,0.06215741750794073
273,487,0,431_to_487,0.013039500168458017,0.008912158111634939
274,487,1,431_to_487,0.268033401954634,0.25028240872017804
275,487,0,431_to_487,0.00571177392644075,0.0036205296163246453
276,487,0,431_to_487,0.010960698910371824,0.007372332258073667
278,487,0,431_to_487,0.043575769296778234,0.03342252553083284
279,487,0,431_to_487,0.019778512416466623,0.014054368812806363
280,487,0,431_to_487,0.04182674616811284,0.03195071849354285
281,487,0,431_to_487,0.017540311366413965,0.012323964256074155
282,487,0,431_to_487,0.007421610110640815,0.004817211927312066
283,487,0,431_to_487,0.016768596656512025,0.011732211444690655
284,487,1,431_to_487,0.36102675637792764,0.3485911285089828
285,487,0,431_to_487,0.008993191234333186,0.005940299091608551
286,487,1,431_to_487,0.12956123762167474,0.11139954339330577
287,487,0,431_to_487,0.007169811701015215,0.004639213963769678
288,487,0,431_to_487,0.05834277417341332,0.046084708567401184
289,487,0,431_to_487,0.010507846287713254,0.007040397209186882
290,487,0,431_to_487,0.003346747454272049,0.002021968333605397
291,487,0,431_to_487,0.032509499426943415,0.024226333489772683
292,487,0,431_to_487,0.08595226552288691,0.07068765966599493
293,487,0,431_to_487,0.00925360597445859,0.006128274087884053
294,487,0,431_to_487,0.005061134158915265,0.0031733208418577505
295,487,1,431_to_487,0.4304532432188397,0.4234231264260108
297,487,0,431_to_487,0.030701127158544835,0.022751937856667976
300,487,0,431_to_487,0.014659355326657882,0.010128693482332928
301,487,0,431_to_487,0.005572435215752475,0.0035243433461915265
302,487,0,431_to_487,0.024285909957838175,0.017596676673579982
303,487,0,431_to_487,0.00531247082508788,0.0033454829817034524
304,487,0,431_to_487,0.003891028196501861,0.002382726052060177
305,487,0,431_to_487,0.013116763325023349,0.00896986784248989
306,487,0,431_to_487,0.004953280547935769,0.0030996804360587356
307,487,0,431_to_487,0.0050673084779222855,0.0031775409329653634
308,487,0,431_to_487,0.022467063100810016,0.016158594833711692
309,487,0,431_to_487,0.13224624620697312,0.11396685918576582
311,487,0,431_to_487,0.10989916579724987,0.09280160338226455
312,487,0,431_to_487,0.014117022989436756,0.009719875446846625
314,487,0,431_to_487,0.07520250031278992,0.060981978203846966
315,487,0,431_to_487,0.17697634504557358,0.15758794175688817
316,487,0,431_to_487,0.3093434477277507,0.29360219045600366
317,487,0,431_to_487,0.011858017211664497,0.0080338650822128
318,487,0,431_to_487,0.019899296011318915,0.014148320469491575
319,487,0,431_to_487,0.01093155907502784,0.007350933387856707
320,487,0,431_to_487,0.16237131985517184,0.14317933849946327
321,487,0,431_to_487,0.006984092360109872,0.004508298269870893
322,487,0,431_to_487,0.03292317729768625,0.02456482402640711
323,487,0,431_to_487,0.35445722485484676,0.3415607679512149
324,487,0,431_to_487,0.011301139434919104,0.007622731994042157
325,487,0,431_to_487,0.03900073386654744,0.029586549888431256
327,487,1,431_to_487,0.40109693032797245,0.39167737014746706
328,487,0,431_to_487,0.005992857580320238,0.003815216664373504
329,487,0,431_to_487,0.007243815699939987,0.004691468502215857
330,487,0,431_to_487,0.006900312725681316,0.004449346197580498
331,487,0,431_to_487,0.13800338091068906,0.11949268778339021
332,487,0,431_to_487,0.015143605501500079,0.010494967752127557
333,487,1,431_to_487,0.10094955221203804,0.0844630170021868
334,487,0,431_to_487,0.0034396488320185704,0.0020831907901525584
335,487,0,431_to_487,0.01425781952358664,0.00982586657890561
336,487,0,431_to_487,0.06394032127918187,0.05098309171049745
337,487,0,431_to_487,0.032463418912946004,0.024188655797727516
338,487,0,431_to_487,0.023816385212232564,0.01722437420911873
339,487,0,431_to_487,0.026016925865932843,0.01897544312149425
340,487,0,431_to_487,0.2064604918716365,0.18710300387970766
341,487,0,431_to_487,0.11074026718049589,0.09358953544017688
342,487,0,431_to_487,0.038332974183641795,0.029030518154271674
343,487,0,431_to_487,0.08533419716571915,0.07012563788968675
344,487,0,431_to_487,0.16030747921145264,0.14115552765863215
345,487,0,431_to_487,0.0050742914277110635,0.0031823142838444084
346,487,0,431_to_487,0.004884312910612852,0.0030526673714372605
347,487,1,431_to_487,0.7519924379239519,0.769014361004791
348,487,0,431_to_487,0.016673041514563863,0.0116591220742908
349,487,0,431_to_487,0.5544960573128607,0.5582360326462075
350,487,0,431_to_487,0.03206627922504272,0.02386416524382018
351,487,0,431_to_487,0.005496846567837707,0.003472256224938363
353,487,0,431_to_487,0.007878596622531363,0.005141685161304769
354,487,0,431_to_487,0.005589939200611013,0.0035364144064684165
356,487,0,431_to_487,0.011826383077971703,0.008010460024145256
357,487,0,431_to_487,0.2383599885525715,0.21960092214954843
358,487,0,431_to_487,0.005828781311513513,0.0037014676768006584
360,487,0,431_to_487,0.08091132436280206,0.06611776176065852
361,487,0,431_to_487,0.003697902235374249,0.0022541586616477917
362,487,0,431_to_487,0.009381418207019784,0.006220715660932709
363,487,1,431_to_487,0.43703007051320736,0.4305511250784791
364,487,0,431_to_487,0.03462718007566354,0.02596372876743172
365,487,0,431_to_487,0.008842818905385661,0.0058319875590818184
366,487,0,431_to_487,0.07764302773514917,0.06317224644981154
367,487,0,431_to_487,0.0032612137269967976,0.0019657370473445813
369,487,0,431_to_487,0.10397540741973399,0.087272863977424
370,487,0,431_to_487,0.01375101687682974,0.00944482613578943
371,487,0,431_to_487,0.006381063858028933,0.0040854810971779195
374,487,0,431_to_487,0.01765537826294801,0.012412419111692717
375,487,0,431_to_487,0.34903703097828037,0.33576849493581923
376,487,0,431_to_487,0.008243251346170835,0.005401867801465844
377,487,0,431_to_487,0.036781711141670705,0.027742774428056283
378,487,0,431_to_487,0.005663651235478174,0.003587285581593716
380,487,0,431_to_487,0.005257904294807268,0.0033080408782863112
381,487,0,431_to_487,0.020929612200811454,0.014952019700910158
383,487,0,431_to_487,0.005024047174564784,0.003147982171008237
384,487,0,431_to_487,0.021917576511484006,0.01572638739827514
385,487,0,431_to_487,0.2711316858218424,0.25350836889083406
386,487,0,431_to_487,0.004530412346436257,0.0028123968273669584
387,487,0,431_to_487,0.016748542699150538,0.011716868953264289
388,487,0,431_to_487,0.02890267833460288,0.021294484050807565
389,487,0,431_to_487,0.0057925868757056406,0.0036764146060594
390,487,0,431_to_487,0.025979261215812344,0.01894534179895143
391,487,0,431_to_487,0.038110457351987884,0.028845458449016672
392,487,0,431_to_487,0.007673784046320036,0.004996039386498401
393,487,0,431_to_487,0.007261790774181286,0.004704168287126708
394,487,0,431_to_487,0.009721496998395494,0.006467255124921391
395,487,0,431_to_487,0.1258154011096106,0.1078286025778825
396,487,0,431_to_487,0.02061028681014226,0.014702500511311268
397,487,0,431_to_487,0.010188640811515423,0.00680723307705346
398,487,0,431_to_487,0.011030340435171499,0.00742349543732299
399,487,0,431_to_487,0.14462333059332813,0.12588106838142943
400,487,0,431_to_487,0.005470049220786335,0.0034538062905386238
401,487,0,431_to_487,0.026886399819233013,0.01967153816726578
402,487,0,431_to_487,0.018664783443362587,0.01319076435856986
403,487,0,431_to_487,0.055065603510827614,0.043240701374235115
404,487,0,431_to_487,0.007568134092933464,0.00492105077638485
405,487,0,431_to_487,0.01261674544455366,0.008596977212543136
406,487,0,431_to_487,0.07112088683367662,0.057337131401977215
407,487,0,431_to_487,0.10242549489268538,0.08583237075256539
408,487,0,431_to_487,0.03487717191317185,0.02616957274957042
409,487,0,431_to_487,0.008142307847468321,0.005329734497995074
410,487,0,431_to_487,0.013000551475443416,0.008883078805635174
411,487,0,431_to_487,0.02610195106462016,0.019043410893039524
412,487,0,431_to_487,0.009263103341271575,0.006135139052015984
413,487,0,431_to_487,0.013586219695726171,0.009321211827769777
414,487,0,431_to_487,0.019968119232871846,0.014201879954926371
416,487,1,431_to_487,0.053375804181296664,0.041781458469114886
417,487,0,431_to_487,0.024783433471370728,0.017991971870081273
418,487,0,431_to_487,0.005709085513168999,0.0036186717293476963
419,487,0,431_to_487,0.04279384600417517,0.03276373976193348
420,487,0,431_to_487,0.13220649044241345,0.11392879995194312
421,487,0,431_to_487,0.012099926920536136,0.00821304201596313
422,487,0,431_to_487,0.03642198630647772,0.02744496376136288
423,487,0,431_to_487,0.10081573029001842,0.0843389756741377
424,487,0,431_to_487,0.22786123439823794,0.20884586254803972
425,487,0,431_to_487,0.008311817069830967,0.005450911414256973
426,487,0,431_to_487,0.005790801192933294,0.0036751789642786676
428,487,0,431_to_487,0.009156895416663665,0.006058406790546503
429,487,0,431_to_487,0.07362406023662318,0.05956970179950616
430,487,0,431_to_487,0.19020249855861973,0.17076068189850255
431,487,0,431_to_487,0.3845858405870608,0.3738841502727973
432,487,0,431_to_487,0.00605354550255899,0.003857362934939694
433,487,0,431_to_487,0.16238690957158836,0.14319463771826652
434,487,0,431_to_487,0.008138739887031041,0.005327186388618525
435,487,0,431_to_487,0.1745627206918288,0.15519654965150576
436,487,0,431_to_487,0.05377359959954373,0.042124527972129185
437,487,0,431_to_487,0.02539658503217842,0.018480237698778046
438,487,0,431_to_487,0.011520639416422937,0.0077845598834681016
441,487,0,431_to_487,0.02396980141376466,0.017345942731725034
442,487,0,431_to_487,0.10845480593864289,0.09145022184580123
443,487,0,431_to_487,0.019119386645133542,0.01354267412175945
444,487,0,431_to_487,0.067825604205798,0.05441169827873933
445,487,0,431_to_487,0.008403410007938197,0.005516484909864237
446,487,0,431_to_487,0.16655692559683768,0.1472932713011581
447,487,0,431_to_487,0.4154628002082262,0.4071968218435962
448,487,0,431_to_487,0.19923193522741398,0.17981731008231108
449,487,1,431_to_487,0.11300447770039099,0.0957141444774853
450,487,0,431_to_487,0.020472589725538736,0.014595022757370152
451,487,0,431_to_487,0.017016535482932787,0.01192204708713283
452,487,0,431_to_487,0.09354796492565702,0.07763211838093353
453,487,0,431_to_487,0.29359963667583966,0.27701722805628715
454,487,0,431_to_487,0.006090986786351897,0.003883384458376893
455,487,0,431_to_487,0.28237551505390657,0.2652484835812347
456,487,0,431_to_487,0.008281793252944768,0.005429431338798053
457,487,0,431_to_487,0.10057650160331179,0.08411727982108573
458,487,0,431_to_487,0.004271441042835398,0.0026376522160265355
459,487,0,431_to_487,0.013237008895396198,0.00905974702420377
460,487,0,431_to_487,0.012947524382687692,0.008843501921582599
461,487,1,431_to_487,0.0626254201775502,0.04982796271887315
462,487,0,431_to_487,0.025778371846328675,0.018784867255127183
463,487,0,431_to_487,0.005175696876401539,0.003251699738459423
464,487,0,431_to_487,0.01091048590657119,0.007335461654447693
465,487,0,431_to_487,0.08577365433510538,0.07052519666618658
466,487,0,431_to_487,0.11924248166051886,0.10159357527339295
467,487,0,431_to_487,0.007629514794797969,0.004964606013604825
468,487,0,431_to_487,0.005056760274076659,0.003170331616686915
469,487,0,431_to_487,0.006251754586132196,0.003995284173872429
470,487,0,431_to_487,0.0095544188447254,0.006346028842706136
471,487,0,431_to_487,0.14665375009891807,0.1278476258607909
472,487,0,431_to_487,0.01684406772773268,0.011789967424433353
473,487,0,431_to_487,0.016700454116935003,0.01168008558513298
474,487,0,431_to_487,0.2730559053113617,0.2555138899936247
475,487,0,431_to_487,0.06303669003835667,0.0501889705955464
476,487,0,431_to_487,0.027268437893711438,0.019978123883674752
477,487,0,431_to_487,0.04056381094603368,0.03089201261256611
478,487,0,431_to_487,0.3943469573036294,0.3843972043855417
479,487,0,431_to_487,0.05682965872006147,0.044769335396960264
480,487,0,431_to_487,0.07798012717086643,0.06347540492093816
481,487,0,431_to_487,0.05964039953002719,0.04721577258088352
482,487,0,431_to_487,0.03310849367520613,0.024716602054593226
483,487,0,431_to_487,0.021884108605108202,0.015700097350675478
484,487,0,431_to_487,0.022773735835797386,0.016400274689678734
485,487,0,431_to_487,0.01279329940025402,0.008728484273048922
486,487,1,431_to_487,0.11840162543103451,0.100798864782949
487,487,1,431_to_487,0.2847553248301015,0.26773976206981775
488,487,1,431_to_487,0.10231599343039154,0.08573069674381625
489,487,0,431_to_487,0.005352828512397929,0.0033731980972721144
490,487,0,431_to_487,0.028289824104900798,0.020799922734634966
491,487,0,431_to_487,0.008780102415472148,0.005786864433219508
492,487,0,431_to_487,0.005782550544824207,0.003669470205803069
493,487,0,431_to_487,0.010496379508235903,0.007032009549584989
495,487,0,431_to_487,0.02702747227075321,0.01978469758946575
497,487,0,431_to_487,0.08350293221526775,0.0684632124988332
498,487,0,431_to_487,0.04426299410399756,0.0340025726140511
500,487,1,431_to_487,0.32288617809061954,0.3079352420697645
501,487,0,431_to_487,0.18548340530449678,0.1660476231100813
502,487,0,431_to_487,0.03798279728265619,0.02873933928317481
503,487,0,431_to_487,0.005266420622987929,0.0033138822171414066
505,487,0,431_to_487,0.30694175500655385,0.2910666192388721
506,487,0,431_to_487,0.26044080473635234,0.24239416706294656
507,487,0,431_to_487,0.026008413805745596,0.01896863995655329
508,487,0,431_to_487,0.16115490551529307,0.1419861389319103
509,487,0,431_to_487,0.17694214193915372,0.15755402614780975
510,487,0,431_to_487,0.0025746077540240585,0.0015194755909329696
511,487,0,431_to_487,0.014241310561826058,0.009813433445901649
513,487,0,431_to_487,0.009117738260115756,0.0060301378829063276
514,487,0,431_to_487,0.05865257640254441,0.04635449369231891
515,487,0,431_to_487,0.07273427292882281,0.05877509895330986
516,487,0,431_to_487,0.4713025019528876,0.46776295399314427
517,487,0,431_to_487,0.013336884004096041,0.009134459672740125
518,487,0,431_to_487,0.005364483538716774,0.0033812056125365904
519,487,0,431_to_487,0.11511758391538611,0.09770154998043369
520,487,0,431_to_487,0.0302065339694834,0.02235022449386985
521,487,0,431_to_487,0.07694798717856655,0.06254766328681495
523,487,0,431_to_487,0.016745004699816355,0.011714162355611728
524,487,0,431_to_487,0.019186393620423296,0.013594614692972667
525,487,1,431_to_487,0.3608787891413045,0.34843266640321324
526,487,0,431_to_487,0.008068014734476008,0.005276698608711973
527,487,0,431_to_487,0.0055076907791912445,0.0034797248009671208
528,487,0,431_to_487,0.5149368101222451,0.5152257098345782
529,487,0,431_to_487,0.13461541221267395,0.11623739896181766
530,487,0,431_to_487,0.061321767298316995,0.04868538903534628
531,487,0,431_to_487,0.10804166166276018,0.09106406494126003
532,487,1,431_to_487,0.4629908118722042,0.4587299415078659
533,487,0,431_to_487,0.028257317695780704,0.020773721077777606
534,487,0,431_to_487,0.006295318048176737,0.004025651860786317
535,487,0,431_to_487,0.035411977812140755,0.026610449910573382
536,487,0,431_to_487,0.03793559444283809,0.02870011079543355
537,487,1,431_to_487,0.10748111023612937,0.09054041016607928
538,487,0,431_to_487,0.03792484698541531,0.028691179710468685
539,487,0,431_to_487,0.3291001475148092,0.31453109792390427
540,487,0,431_to_487,0.02541603800829309,0.018495748181685444
541,487,0,431_to_487,0.031043636783018497,0.023030519093699443
542,487,0,431_to_487,0.021349269837113966,0.01528051301165154
543,487,0,431_to_487,0.01698152108407389,0.011895221652557164
544,487,0,431_to_487,0.03356461822443025,0.025090552810931765
545,487,0,431_to_487,0.013204112259247372,0.009035150169835311
546,487,0,431_to_487,0.009265729835978122,0.006137037673184697
547,487,0,431_to_487,0.0532488731623884,0.04167204864205688
548,487,0,431_to_487,0.012560850053108388,0.008555379847712966
549,487,0,431_to_487,0.0701574031602652,0.05648016420615228
550,487,0,431_to_487,0.2281995794677446,0.20919159279783892
551,487,0,431_to_487,0.07188711033869584,0.058019588502420505
552,487,0,431_to_487,0.04562556094142704,0.035155484846981035
553,487,0,431_to_487,0.005831050681403089,0.0037030389680055204
555,487,1,431_to_487,0.24480826106007403,0.22623365298454132
556,487,1,431_to_487,0.2815250581609134,0.26435872630044893
557,487,0,431_to_487,0.05989209626016796,0.04743548042377641
558,487,0,431_to_487,0.012166299587843736,0.008262262803598144
559,487,0,431_to_487,0.14237652405052378,0.12370881488000739
560,487,0,431_to_487,0.004809068341758725,0.003001444825691045
561,487,0,431_to_487,0.06663366175865887,0.05335744497652321
562,487,0,431_to_487,0.029157422129698598,0.021500374650413167
563,487,0,431_to_487,0.09175685153359403,0.07598843169781563
564,487,0,431_to_487,0.10716086280829087,0.09024138743824604
565,487,0,431_to_487,0.2779439339293356,0.26061524078638065
566,487,0,431_to_487,0.0566542368226612,0.04461708708270135
567,487,0,431_to_487,0.004172953970651202,0.0025714467838868493
568,487,0,431_to_487,0.00884574660690452,0.005834094710538504
569,487,0,431_to_487,0.030379829529811195,0.02249090033267762
570,487,0,431_to_487,0.17592138665702864,0.15654221460265583
571,487,0,431_to_487,0.4360498582723236,0.4294884505165452
573,487,0,431_to_487,0.014048959137584319,0.009668673697392726
574,487,0,431_to_487,0.00559050635972878,0.003536805587722573
575,487,0,431_to_487,0.0057308629800174845,0.0036337238385936435
576,487,0,431_to_487,0.017166691520699964,0.012037146565649888
577,487,0,431_to_487,0.05434566856383885,0.04261838384488142
578,487,0,431_to_487,0.011118340995538207,0.007488190203544968
579,487,0,431_to_487,0.2802430964787379,0.26301806018449886
580,487,0,431_to_487,0.039678910163108407,0.030152286418861893
581,487,0,431_to_487,0.00659815891813811,0.004237289959468141
582,487,0,431_to_487,0.021503123188117975,0.015401105769607378
583,487,0,431_to_487,0.015852880330625988,0.011033488455528371
584,487,0,431_to_487,0.054714265275310967,0.042936889259461875
585,487,0,431_to_487,0.1462111756762416,0.1274186896159811
586,487,0,431_to_487,0.003506430617212964,0.002127293225813906
587,487,0,431_to_487,0.10097580453304685,0.0844873529067329
588,487,0,431_to_487,0.005688610427593469,0.0036045246167097865
589,487,0,431_to_487,0.08759303350229847,0.07218191142425852
591,487,0,431_to_487,0.007660985794618903,0.0049869502502487536
592,487,0,431_to_487,0.12503025531842382,0.10708172110513149
593,487,0,431_to_487,0.018629007430926364,0.013163105588455301
594,487,0,431_to_487,0.03747555457676605,0.028318059277584646
595,487,0,431_to_487,0.010410671901843624,0.00696934412448237
596,487,0,431_to_487,0.008916201841426377,0.005884823067889629
597,487,0,431_to_487,0.08326473394468026,0.06824728374605128
598,487,0,431_to_487,0.010063352880178693,0.006715903695067024
600,487,0,431_to_487,0.005116335745454826,0.003211067316066756
601,487,0,431_to_487,0.012786303329284958,0.008723269892396494
602,487,0,431_to_487,0.02415381624989128,0.017491861146819502
603,487,1,431_to_487,0.012509584997226382,0.008517243946458253
604,487,0,431_to_487,0.06052195798914491,0.04798574049735956
605,487,0,431_to_487,0.0045346616297084604,0.0028152718490294776
606,487,0,431_to_487,0.04838474429918907,0.037501403082587724
607,487,0,431_to_487,0.03378852220167081,0.02527431292146875
608,487,0,431_to_487,0.00496665381453778,0.0031088035376918618
609,487,0,431_to_487,0.011852176508638757,0.00802954328904678
610,487,0,431_to_487,0.1526900887878807,0.1337133976340248
611,487,0,431_to_487,0.025982038226789995,0.01894756101557824
612,487,0,431_to_487,0.013965082639843956,0.009605609609101413
614,487,0,431_to_487,0.0061976649149610265,0.0039576059677314855
617,487,0,431_to_487,0.0717237823932918,0.05787404656020507
618,487,0,431_to_487,0.010025655087752142,0.00668844461727253
619,487,1,431_to_487,0.2026486517482131,0.18325719730404683
620,487,0,431_to_487,0.25030116435616523,0.23189930328762223
621,487,0,431_to_487,0.009974943487662858,0.006651521660798294
622,487,0,431_to_487,0.008193160116497858,0.005366062684396369
623,487,0,431_to_487,0.017822528986693637,0.012541012734859846
624,487,0,431_to_487,0.018966071127129964,0.013423898945952212
625,487,1,431_to_487,0.10396358174350773,0.08726186349345502
626,487,0,431_to_487,0.04344914145044146,0.03331575263921157
627,487,0,431_to_487,0.06524376175595513,0.05213078379917158
628,487,0,431_to_487,0.12588912029247304,0.10789875783236716
629,487,0,431_to_487,0.24274095769517667,0.22410502823500175
630,487,0,431_to_487,0.005717931995178803,0.0036247855881421454
631,487,0,431_to_487,0.0069869506678959204,0.0045103106982949
632,487,0,431_to_487,0.053938665781436926,0.04226696740549967
633,487,0,431_to_487,0.006669476222311997,0.004287261973219378
634,487,1,431_to_487,0.12178790885425973,0.10400338464685016
635,487,1,431_to_487,0.5190886253449566,0.5197424839659396
636,487,0,431_to_487,0.004290444904643588,0.002650443202472559
637,487,0,431_to_487,0.010531322202177276,0.007057571949916491
638,487,0,431_to_487,0.006748253977605669,0.0043425190521388
639,487,0,431_to_487,0.023221804355533882,0.016753969685064814
640,487,1,431_to_487,0.07497930186029118,0.06078206886929325
641,487,0,431_to_487,0.0076996582656986634,0.0050144192009910216
642,487,1,431_to_487,0.014018743980726455,0.009645951683027716
643,487,0,431_to_487,0.04444439619153935,0.03415584548099756
644,487,0,431_to_487,0.008946331440072522,0.005906528132308789
645,487,0,431_to_487,0.08685033965526517,0.07150513166734587
646,487,0,431_to_487,0.028539759122601576,0.021001484385970253
647,487,0,431_to_487,0.017983518089016614,0.012664977944774126
648,487,0,431_to_487,0.040191627056052996,0.030580677524281768
649,487,0,431_to_487,0.06033207444468931,0.04781978694371399
650,487,0,431_to_487,0.04300054012681241,0.03293775944283378
652,487,0,431_to_487,0.02739167242398959,0.02007711324140613
653,487,0,431_to_487,0.02938957084160521,0.021688163986117916
654,487,0,431_to_487,0.0040673237226975184,0.0025005976755981827
655,487,0,431_to_487,0.10660813186864161,0.08972553878759887
656,487,0,431_to_487,0.028659869637808737,0.02109841259168534
657,487,0,431_to_487,0.24358364514621067,0.22497246521584072
658,487,0,431_to_487,0.0418305330360302,0.03195389815823124
659,487,1,431_to_487,0.11761901539501038,0.10005981015129847
660,487,0,431_to_487,0.010068437251921112,0.006719607896486886
661,487,0,431_to_487,0.012579815480128998,0.008569491941900365
662,487,0,431_to_487,0.040108921371258655,0.03051153492755059
663,487,0,431_to_487,0.010066571275803194,0.006718248425525849
664,487,0,431_to_487,0.11082478361870912,0.09366874872250619
665,487,0,431_to_487,0.1780673532900782,0.15867019244997407
666,487,0,431_to_487,0.03544408980260845,0.02663694429093242
667,487,0,431_to_487,0.022371399411405323,0.016083272349291498
668,487,0,431_to_487,0.029030586227214453,0.021397839418921115
669,487,0,431_to_487,0.01865836350650721,0.013185800660788368
670,487,0,431_to_487,0.00834976073034779,0.005478067997598892
671,487,0,431_to_487,0.01697781930862001,0.011892385942562598
672,487,0,431_to_487,0.013817110986424514,0.009494443469469826
673,487,0,431_to_487,0.2596822007819306,0.24160739672775255
674,487,0,431_to_487,0.022436161954794632,0.01613426076152178
675,487,0,431_to_487,0.005126017213023156,0.0032176912993808547
676,487,0,431_to_487,0.005887129891203133,0.0037418855543621264
677,487,0,431_to_487,0.052772818372145994,0.04126196219829164
678,487,0,431_to_487,0.05044577210681235,0.03926326294017591
679,487,0,431_to_487,0.002870822475852708,0.0017108302507907965
680,487,0,431_to_487,0.008838798549818849,0.005829094099538098
681,487,0,431_to_487,0.048202960625734564,0.03734639182837681
682,487,0,431_to_487,0.011629850956847758,0.007865186574796963
684,487,0,431_to_487,0.029017482897955207,0.0213872491874997
685,487,0,431_to_487,0.008751960613064146,0.0057666268384501925
686,487,0,431_to_487,0.21909514380563958,0.19990941535865317
687,487,0,431_to_487,0.023608656949905143,0.0170598937616676
688,487,0,431_to_487,0.07265562833440811,0.05870492035177289
690,487,0,431_to_487,0.0061678951377944794,0.003936881637469093
691,487,0,431_to_487,0.02924932102479207,0.021574695082602277
692,487,0,431_to_487,0.007269905660721264,0.004709902590452902
693,487,0,431_to_487,0.006448702929388329,0.00413272884626214
694,487,0,431_to_487,0.24460137661110562,0.22602053997942773
695,487,0,431_to_487,0.004989133218687271,0.0031241438183895647
696,487,0,431_to_487,0.007897523030453574,0.005155162028497531
697,487,0,431_to_487,0.035161689149584,0.026404032531334946
698,487,0,431_to_487,0.0549021938169058,0.04309936977182233
699,487,0,431_to_487,0.010611932051164778,0.0071165728500164295
701,487,0,431_to_487,0.047874750628140436,0.03706667986641647
702,487,0,431_to_487,0.010978378308693587,0.007385317776142669
703,487,0,431_to_487,0.006264912457059893,0.004004454350056954
704,487,0,431_to_487,0.494750750021152,0.4932638415004793
705,487,0,431_to_487,0.013155561046613579,0.008998859119421424
706,487,0,431_to_487,0.008154338903378433,0.005338327415323552
707,487,0,431_to_487,0.015069112205902605,0.010438548210389
708,487,0,431_to_487,0.025120605814771924,0.018260320375737816
709,487,0,431_to_487,0.013943674960060815,0.009589519688077851
710,487,0,431_to_487,0.005583026734776846,0.0035316470307392026
711,487,0,431_to_487,0.0807176256378956,0.06594280551899068
712,487,0,431_to_487,0.010467697081911191,0.007011032878972643
713,487,0,431_to_487,0.19673760328029755,0.17731047856785956
714,487,0,431_to_487,0.00492939020454448,0.003083388313099784
715,487,0,431_to_487,0.013244239794101985,0.009065154363138272
716,487,0,431_to_487,0.06709119235892871,0.05376187380949527
717,487,0,431_to_487,0.08216556904306037,0.06725180902195536
718,487,0,431_to_487,0.004768163082198965,0.002973629360652037
719,487,0,431_to_487,0.17368520888031583,0.1543281041833319
720,487,0,431_to_487,0.020847416822915948,0.014887756286486593
721,487,0,431_to_487,0.19642700155632195,0.17699858409512573
722,487,0,431_to_487,0.007180594520461916,0.004646824652485097
723,487,0,431_to_487,0.12560248606679128,0.10762600856308598
724,487,0,431_to_487,0.10496307866020747,0.08819213704788689
725,487,0,431_to_487,0.007909603698119227,0.005163765847114761
726,487,0,431_to_487,0.02022039896596047,0.014398364534120921
727,487,0,431_to_487,0.016492390140115352,0.011521055080341056
728,487,0,431_to_487,0.014699196372167598,0.010158784558971784
729,487,0,431_to_487,0.1612499663093106,0.14207934645388298
730,487,0,431_to_487,0.029017465507961665,0.021387235133072197
731,487,0,431_to_487,0.015023195958250258,0.010403785727385052
732,487,0,431_to_487,0.012726346788903197,0.008678593712188617
733,487,0,431_to_487,0.022574927192428096,0.01624356198815541
734,487,0,431_to_487,0.03232787023095336,0.024077856688162695
735,487,0,431_to_487,0.02265399265407598,0.016305869576041916
736,487,0,431_to_487,0.09350092041731221,0.07758889868759224
737,487,0,431_to_487,0.06649462899558495,0.05323461045997096
738,487,0,431_to_487,0.30662777190413343,0.29073527797445264
740,487,0,431_to_487,0.007571149695043063,0.004923189856546991
741,487,0,431_to_487,0.011223343015788896,0.0075654474458176635
742,487,0,431_to_487,0.005349461291499672,0.0033708849664867875
743,487,0,431_to_487,0.025102732148938964,0.018246085920180045
744,487,0,431_to_487,0.011042470919958608,0.007432410419349753
745,487,0,431_to_487,0.0032553885094333246,0.0019619122680832085
746,487,1,431_to_487,0.09055589468082281,0.07488841987043955
747,487,0,431_to_487,0.014100948036298959,0.009707780742994
748,487,0,431_to_487,0.016394901520242817,0.011446608285801263
749,487,0,431_to_487,0.006419343412327042,0.004112214760882352
752,487,0,431_to_487,0.01162467433831873,0.007861363242846238
753,487,0,431_to_487,0.10574732632414759,0.08892280448062737
754,487,0,431_to_487,0.10513086088743824,0.08834840208968835
755,487,0,431_to_487,0.019735918639243556,0.014021250710495448
756,487,1,431_to_487,0.17954472630064006,0.160136977261137
757,487,0,431_to_487,0.047487734917867175,0.036737118325753104
758,487,0,431_to_487,0.11629407348135033,0.09880994787159186
759,487,0,431_to_487,0.2935215446781901,0.2769351838321478
760,487,0,431_to_487,0.014991713639419384,0.010379956892501055
761,487,0,431_to_487,0.010090261724204694,0.006735510045900389
762,487,0,431_to_487,0.004938916699846946,0.003089884082857619
763,487,0,431_to_487,0.047105613315677974,0.03641200919610953
764,487,0,431_to_487,0.018219086324310137,0.012846566916259298
765,487,0,431_to_487,0.23596549789054325,0.2171431014274509
766,487,0,431_to_487,0.009869978723313536,0.006575153513472698
767,487,0,431_to_487,0.2835341293803573,0.26646109238004523
768,487,0,431_to_487,0.004475855891187002,0.0027755064370949684
769,487,0,431_to_487,0.11082232747346485,0.09366644659165223
770,487,0,431_to_487,0.03837496325822429,0.02906545177649543
771,487,0,431_to_487,0.004778513073405308,0.0029806652708808676
772,487,0,431_to_487,0.06073842346496879,0.04817499672515803
774,487,0,431_to_487,0.33333913554385786,0.31903721033921306
775,487,0,431_to_487,0.09897081168718898,0.08263088470230176
776,487,0,431_to_487,0.033266937949781444,0.024846441259827295
778,487,0,431_to_487,0.16377204265997974,0.14455466662802222
779,487,0,431_to_487,0.08224547507275069,0.06732412548902089
780,487,1,431_to_487,0.3268328725575655,0.31212313139847253
781,487,0,431_to_487,0.04981915571006599,0.03872675983293843
782,487,0,431_to_487,0.01621684253507891,0.011310745732224079
784,487,0,431_to_487,0.042912949005263025,0.032864003885218075
785,487,0,431_to_487,0.20312654159453783,0.18373887934446612
786,487,0,431_to_487,0.012407655075708924,0.008441463078244156
787,487,0,431_to_487,0.010253842792965444,0.0068548045331843985
788,487,0,431_to_487,0.015734023524742076,0.010943079646038042
790,487,0,431_to_487,0.01955422240685486,0.013880055274534505
792,487,1,431_to_487,0.3367022582544735,0.32261596916536206
793,487,0,431_to_487,0.016010263618220007,0.011153303922913763
794,487,1,431_to_487,0.025052637759451504,0.018206196575504572
795,487,0,431_to_487,0.1286772601370572,0.11055570679458225
796,487,0,431_to_487,0.055866783367101075,0.04393430097767754
797,487,0,431_to_487,0.0408546064236211,0.03113547688995964
798,487,0,431_to_487,0.01756800227363936,0.012345245781693232
799,487,0,431_to_487,0.04307245011152723,0.032998322804679195
800,487,0,431_to_487,0.005301450541698683,0.0033379182990480065
801,487,0,431_to_487,0.3244728306528573,0.3096182880183534
802,487,0,431_to_487,0.03643509766123613,0.027455813048654916
803,487,0,431_to_487,0.018076301120376424,0.01273647250444057
804,487,0,431_to_487,0.01798602472280254,0.012666908972488858
805,487,0,431_to_487,0.012626100681267004,0.008603941107379614
806,487,0,431_to_487,0.00788518342372386,0.005146375061658029
807,487,0,431_to_487,0.02402420157983943,0.017389068786543872
808,487,0,431_to_487,0.0120221884357683,0.00815542531244363
809,487,0,431_to_487,0.04651336932983446,0.035908691372806285
810,487,0,431_to_487,0.07315011613472953,0.05914632058076432
811,487,0,431_to_487,0.2855307108787234,0.26855193918221243
812,487,0,431_to_487,0.061225051232135834,0.048600730467946496
813,487,0,431_to_487,0.1578001462899932,0.1387010617133748
815,487,0,431_to_487,0.1473622063396895,0.12853457604374183
816,487,0,431_to_487,0.01476123287771398,0.0102056550798628
817,487,0,431_to_487,0.0071635504893534955,0.004634795186891458
818,487,0,431_to_487,0.4327508131494209,0.4259126699145603
820,487,0,431_to_487,0.028710770540161794,0.021139501754519195
821,487,1,431_to_487,0.1404783560311377,0.12187685146918703
822,487,0,431_to_487,0.23195812949778483,0.2130361431274673
823,487,0,431_to_487,0.020561662668079246,0.014664539376998206
824,487,0,431_to_487,0.03341807920577864,0.024970355809173245
825,487,0,431_to_487,0.005689782108485712,0.003605334054915014
826,487,1,431_to_487,0.3126305903591056,0.29707569784102716
827,487,0,431_to_487,0.3132943037823139,0.2977774737643307
828,487,0,431_to_487,0.025980685708276437,0.01894648016284248
829,487,0,431_to_487,0.07012580663872095,0.05645208328626642
830,487,0,431_to_487,0.03583031391247559,0.026955799313669194
831,487,0,431_to_487,0.006575568789773062,0.004221471462317666
832,487,0,431_to_487,0.3394381527054734,0.32552964817147373
833,487,0,431_to_487,0.1301258785262639,0.11193890713298457
835,487,0,431_to_487,0.40317720912537713,0.3939226371500728
836,487,0,431_to_487,0.018900030743452808,0.013372765866924848
837,487,0,431_to_487,0.06810878809900421,0.05466247857073337
838,487,0,431_to_487,0.16030051049014601,0.1411486994088254
839,487,1,431_to_487,0.22384109672214705,0.2047425456205077
840,487,0,431_to_487,0.004857340478331388,0.0030342975942284694
841,487,0,431_to_487,0.034552860936731766,0.025902564031064116
842,487,0,431_to_487,0.01376859912977711,0.009458023025644966
843,487,0,431_to_487,0.09208060865044632,0.07628526466283571
844,487,0,431_to_487,0.012308406430120648,0.00836773280030529
845,487,0,431_to_487,0.008402468321699915,0.005515810393497575
846,487,0,431_to_487,0.041627673717693915,0.031783609451274376
847,487,0,431_to_487,0.04210861828657062,0.03218747767580323
848,487,0,431_to_487,0.13893110180504534,0.12038576940409156
849,487,0,431_to_487,0.022218475648294503,0.015962932042668326
850,487,0,431_to_487,0.022518932668380447,0.016199448666497696
852,487,0,431_to_487,0.024239860779552556,0.017560130406925917
853,487,0,431_to_487,0.015020067943283089,0.010401417929473541
854,487,0,431_to_487,0.12724874204402314,0.1091935312820525
855,487,1,431_to_487,0.8534220160574232,0.8713088806633749
856,487,0,431_to_487,0.009986710579089971,0.006660087667495778
857,487,0,431_to_487,0.023571009129854822,0.017030099521573906
858,487,0,431_to_487,0.02669730832079966,0.019519955606939032
859,487,0,431_to_487,0.007081820888517602,0.0045771484794633445
861,487,0,431_to_487,0.2600079403843929,0.24194519981376028
862,487,0,431_to_487,0.026872516782556737,0.019660405328856267
863,487,0,431_to_487,0.011413014019505079,0.0077051753130168935
864,487,0,431_to_487,0.006058149914631211,0.0038605621817737897
866,487,0,431_to_487,0.013280844694650934,0.00909253222344596
867,487,0,431_to_487,0.008380903616225606,0.005500365840716278
868,487,0,431_to_487,0.01956605304037468,0.013889244880468457
869,487,0,431_to_487,0.04879926783411284,0.037855112985452986
871,487,0,431_to_487,0.029259994384200835,0.021583328390069056
873,487,0,431_to_487,0.02104600291657166,0.015043061199588386
874,487,1,431_to_487,0.7510994431238638,0.7680888245476855
875,487,0,431_to_487,0.02450445402738652,0.017770216000500053
876,487,0,431_to_487,0.009182425064836186,0.006076843648929994
877,487,0,431_to_487,0.027325166022721992,0.02002368566890749
878,487,0,431_to_487,0.0083676553886671,0.005490879357841485
879,487,0,431_to_487,0.013218904424671886,0.00904620956267163
881,487,0,431_to_487,0.00584835214758212,0.003715020197351623
882,487,0,431_to_487,0.007000773067748892,0.0045200436143958125
883,487,0,431_to_487,0.007874897600366415,0.005139051562888842
884,487,1,431_to_487,0.3265110556590605,0.3117814698402447
885,487,0,431_to_487,0.025314024084198465,0.0184144225803825
886,487,0,431_to_487,0.009551903484649652,0.0063442052989067105
887,487,0,431_to_487,0.144525783866216,0.1257866733150059
888,487,0,431_to_487,0.01788693683641023,0.012590595091199988
889,487,0,431_to_487,0.0056870716892255995,0.0036034616256491164
890,487,0,431_to_487,0.1940550973888841,0.1746187512387756
891,487,0,431_to_487,0.006551725172716456,0.004204780678340705
892,487,0,431_to_487,0.08602250327022695,0.07075155797475861
893,487,0,431_to_487,0.027479988286474327,0.020148081753552375
895,487,0,431_to_487,0.008479797364042654,0.005571223573730148
896,487,0,431_to_487,0.014010524004852103,0.009639771018523846
897,487,0,431_to_487,0.040046410319478455,0.030459285232268873
898,487,0,431_to_487,0.004316410804886059,0.0026679284981422336
899,487,1,431_to_487,0.5945037210743381,0.6016092473594108
900,487,0,431_to_487,0.0068652453903450105,0.004424690499114858
901,487,0,431_to_487,0.129603858523445,0.11144024644372665
903,487,0,431_to_487,0.05317015197884447,0.04160420826402076
904,487,1,431_to_487,0.06895495773248218,0.05541252476176938
905,487,0,431_to_487,0.42627067669098456,0.4188927482515887
906,487,0,431_to_487,0.010602661028724066,0.007109784928834866
907,487,0,431_to_487,0.022150963328165924,0.015909830859646954
908,487,0,431_to_487,0.009583141563941244,0.006366854963969614
909,487,0,431_to_487,0.006506521182449022,0.004173152848920383
911,487,0,431_to_487,0.01160253586207584,0.007845014101087447
913,487,0,431_to_487,0.023270074268254157,0.016792113916081413
914,487,0,431_to_487,0.02928537189869953,0.02160385667119345
915,487,0,431_to_487,0.020120967152207465,0.014320894282700064
916,487,0,431_to_487,0.036889522647650115,0.027832089639451194
917,487,0,431_to_487,0.49954914895216856,0.4984841885483344
918,487,0,431_to_487,0.016899200302835923,0.011832174882549706
919,487,0,431_to_487,0.012616352390921381,0.008596684640258697
920,487,0,431_to_487,0.005534171137311121,0.0034979679094784112
921,487,1,431_to_487,0.3294932330505221,0.3149487316838927
922,487,0,431_to_487,0.010858296462861553,0.007297156841161833
923,487,0,431_to_487,0.029073913111880473,0.021432860092115105
924,487,0,431_to_487,0.01583548072982538,0.011020249265030087
925,487,1,431_to_487,0.2690256090747335,0.251315066363173
926,487,0,431_to_487,0.012336716723288729,0.008388758305025073
927,487,0,431_to_487,0.019394106007263035,0.01375573682203162
928,487,0,431_to_487,0.01730070497632288,0.012139955437998454
929,487,0,431_to_487,0.007476868215691935,0.004856350123349458
930,487,0,431_to_487,0.07322891018457771,0.0592166868554112
931,487,0,431_to_487,0.053036795287134654,0.041489309200541905
932,487,0,431_to_487,0.04155450068856834,0.03172220657713411
933,487,0,431_to_487,0.08745911281425738,0.07205982673455237
934,487,0,431_to_487,0.002496330485298809,0.0014692302006855313
935,487,0,431_to_487,0.046719118672684974,0.03608346922258928
936,487,0,431_to_487,0.004620529928329125,0.002873421915456458
937,487,0,431_to_487,0.02396584239513869,0.017342804580222488
938,487,0,431_to_487,0.09616294610111642,0.0800384708609726
939,487,0,431_to_487,0.012610033858572789,0.008591981515229493
940,487,0,431_to_487,0.02772604272717456,0.02034592761440656
941,487,0,431_to_487,0.03979676236224437,0.03025070399064553
942,487,0,431_to_487,0.003587989654665755,0.002181257780133366
943,487,0,431_to_487,0.009446157514324632,0.006267584388055409
944,487,0,431_to_487,0.01932204986003877,0.01369982360691873
945,487,0,431_to_487,0.11806056737784022,0.10047671594220065
946,487,0,431_to_487,0.007166235955048706,0.004636690378970604
947,487,0,431_to_487,0.0062606546436568015,0.004001486737485378
949,487,0,431_to_487,0.011219346074886947,0.007562505358680056
950,487,0,431_to_487,0.04110369448341594,0.031344168778087135
952,487,0,431_to_487,0.012978632110859853,0.008866717360715993
953,487,0,431_to_487,0.009740246515924403,0.0064808714631915424
954,487,0,431_to_487,0.0648689230554711,0.05180046869868438
955,487,0,431_to_487,0.0036887230105345716,0.0022480628145811862
956,487,0,431_to_487,0.007381816871938065,0.00478904395708097
957,487,0,431_to_487,0.003425170038431585,0.002073639232607992
958,487,0,431_to_487,0.4730721070672373,0.4696866600726139
959,487,0,431_to_487,0.06360107411521154,0.05068480921957422
960,487,0,431_to_487,0.037607544775777914,0.028427623555426194
961,487,0,431_to_487,0.012117100542336634,0.008225775201738051
962,487,0,431_to_487,0.044723459399972285,0.03439176662124466
963,487,0,431_to_487,0.1008963031072362,0.0844136573697022
964,487,0,431_to_487,0.014441583282039297,0.009964355152994422
965,487,0,431_to_487,0.10532691418890466,0.08853103500179052
966,487,1,431_to_487,0.6837568079347379,0.6973745338485743
968,487,0,431_to_487,0.011350574011261431,0.0076591521068910375
970,487,0,431_to_487,0.22760376983076477,0.20858281796080166
971,487,0,431_to_487,0.012506746675052477,0.008515132964422967
972,487,0,431_to_487,0.014580416355877411,0.010069095956467381
973,487,0,431_to_487,0.007563548587664444,0.004917798256871232
974,487,0,431_to_487,0.10969111639948158,0.09260681600762566
975,487,0,431_to_487,0.006911442720228776,0.004457174082963001
976,487,0,431_to_487,0.01602763246838938,0.01116653382199551
977,487,0,431_to_487,0.050577841798879274,0.0393764326977395
978,487,1,431_to_487,0.022726483738562984,0.016363015348991344
979,487,0,431_to_487,0.003364405281827378,0.002033593207949907
980,487,0,431_to_487,0.11171750217600351,0.09450588997219672
981,487,0,431_to_487,0.19782165070626362,0.17839949666717525
982,487,0,431_to_487,0.004204575636956407,0.0025926882864526525
983,487,0,431_to_487,0.007816593995171208,0.005097556329822847
984,487,0,431_to_487,0.08188045167325289,0.06699383862851259
985,487,0,431_to_487,0.015296073657136824,0.010610527440383682
986,487,0,431_to_487,0.02379897813324178,0.0172105856301058
987,487,0,431_to_487,0.07464787018733238,0.06048534510721387
988,487,0,431_to_487,0.012035886852499483,0.00816557546548796
989,487,0,431_to_487,0.012019922443135649,0.008153746380071283
990,487,1,431_to_487,0.25936226023468,0.24127565292940364
991,487,0,431_to_487,0.3269091291757094,0.31220409491683276
992,487,0,431_to_487,0.15150009021665592,0.1325547699983168
993,487,0,431_to_487,0.010170503422094773,0.006794005118954423
994,487,0,431_to_487,0.13673171037996393,0.11826967592222978
995,487,1,431_to_487,0.07148277686680794,0.057659354733535534
996,487,0,431_to_487,0.017487870764613583,0.01228367066049107
997,487,0,431_to_487,0.03425009432047568,0.025653528836378246
998,487,0,431_to_487,0.008740686355920515,0.005758520900207276
999,487,0,431_to_487,0.21529556810127257,0.1960488314522758
1000,487,0,431_to_487,0.005352771820509818,0.0033731591513637875
1001,487,0,431_to_487,0.08582873116858404,0.07057528983652249
1002,487,0,431_to_487,0.25706177577219275,0.23889163263453525
1003,487,0,431_to_487,0.07459383889767711,0.06043698628049633
1004,487,0,431_to_487,0.011211790378849769,0.007556943998369341
1005,487,0,431_to_487,0.005492448595130663,0.0034692276589808123
1006,487,1,431_to_487,0.3561075570508768,0.34332586673225385
1007,487,0,431_to_487,0.009805477978455482,0.006528263305799263
1008,487,0,431_to_487,0.26535693925016307,0.24749890608860217
1009,487,0,431_to_487,0.08763469999410334,0.07221989983275606
1010,487,0,431_to_487,0.015488556622089254,0.010756574890188018
1011,487,0,431_to_487,0.012312927474434845,0.008371090182271232
1012,487,0,431_to_487,0.04141760287103578,0.031607360213802976
1013,487,0,431_to_487,0.1716523056477786,0.15231823876381426
1014,487,0,431_to_487,0.011067857996955725,0.0074510709947134286
1015,487,0,431_to_487,0.011357490187152106,0.007664248690215624
1016,487,0,431_to_487,0.19936666926608004,0.17995282598848447
1017,487,0,431_to_487,0.027143821865071242,0.019878071131957904
1018,487,0,431_to_487,0.0325346115101819,0.024246868693560294
1019,487,0,431_to_487,0.22107518619412228,0.2019243613685441
1020,487,0,431_to_487,0.004069573919128711,0.002502105213405877
1021,487,0,431_to_487,0.039222075438760384,0.029771080093573175
1022,487,0,431_to_487,0.15501022709458925,0.13597550487324514
1023,487,0,431_to_487,0.11234952616752242,0.09509904864129705
1024,487,0,431_to_487,0.010145978852095257,0.006776122408425864
1025,487,0,431_to_487,0.011951376572016944,0.008102973273493129
1026,487,1,431_to_487,0.15679571983887222,0.13771913062944427
1027,487,0,431_to_487,0.07498636540451428,0.06078839434389713
1028,487,1,431_to_487,0.397825630842003,0.38814811797437976
1029,487,0,431_to_487,0.01326917116835349,0.00908380046876456
1030,487,0,431_to_487,0.18590735497470542,0.16647044918470122
1031,487,0,431_to_487,0.012808810988447264,0.00874004649711186
1032,487,0,431_to_487,0.011052886357675406,0.007440065714392831
1033,487,1,431_to_487,0.17672798207584142,0.15734168436258453
1034,487,0,431_to_487,0.03776577617266388,0.02855902385914295
1035,487,1,431_to_487,0.4417537125346845,0.4356736202440159
1036,487,1,431_to_487,0.25252608554617756,0.2341981867749101
1037,487,0,431_to_487,0.12129752520871362,0.10353865495046534
1038,487,0,431_to_487,0.004273800264806089,0.0026392398630640593
1039,487,0,431_to_487,0.03724977601759507,0.028130736045034646
1040,487,0,431_to_487,0.005707258901637595,0.003617409455313392
1041,487,0,431_to_487,0.0070915730718935695,0.004584023799436577
1042,487,0,431_to_487,0.003980032302842557,0.0024421750299268028
1043,487,0,431_to_487,0.14873368069688722,0.12986555036558584
1044,487,0,431_to_487,0.24909764065632226,0.23065672308064952
1045,487,0,431_to_487,0.008559564042302698,0.005628433117567932
1046,487,0,431_to_487,0.011254742366948657,0.007588563489576298
1047,487,0,431_to_487,0.017164832264438545,0.012035720781613796
1048,487,0,431_to_487,0.0250506218577631,0.018204591514398995
1049,487,0,431_to_487,0.11187349327409514,0.09465225158539428
1050,487,0,431_to_487,0.015108203038796607,0.010468151364709263
1051,487,0,431_to_487,0.044133474974624214,0.0338931786493516
1053,487,0,431_to_487,0.009229985569648953,0.00611120346781629
1054,487,0,431_to_487,0.0589264456600375,0.04659311898789311
1055,487,0,431_to_487,0.23199923563442834,0.21307822972051096
1056,487,0,431_to_487,0.029787021808443094,0.02201002220605042
1057,487,0,431_to_487,0.009201005001489534,0.006090264633398881
1058,487,0,431_to_487,0.0013440474078042798,0.0007487116902648393
1060,487,0,431_to_487,0.0077570383898123655,0.005055199824308864
1061,487,0,431_to_487,0.04753477123611988,0.036777156434590404
1062,487,0,431_to_487,0.006682818218516717,0.004296616217122691
1063,487,0,431_to_487,0.0840238284929445,0.0689356574734356
1064,487,0,431_to_487,0.025444819063012887,0.018518698443426365
1065,487,0,431_to_487,0.018675292367248002,0.013198889898108681
1066,487,0,431_to_487,0.005300951612567986,0.003337575851922518
1067,487,0,431_to_487,0.0678205785865021,0.054407248787037364
1069,487,0,431_to_487,0.027581860618243456,0.020229972785639923
1070,487,0,431_to_487,0.012273858678394447,0.008342081117310407
1071,487,0,431_to_487,0.07717171939121435,0.06274864509713235
1072,487,0,431_to_487,0.01292986763736439,0.00883032721719054
1073,487,0,431_to_487,0.008871141944213269,0.005852375212125361
1074,487,0,431_to_487,0.00481046398404497,0.003002394241633409
1075,487,0,431_to_487,0.07440990129254606,0.06027238931715551
1076,487,0,431_to_487,0.05131563784003843,0.04000923651724322
1077,487,0,431_to_487,0.39174979672766913,0.3815982197567684
1078,487,0,431_to_487,0.00875705865226001,0.005770292535895257
1079,487,0,431_to_487,0.08353335700353873,0.06849079796284416
1080,487,0,431_to_487,0.02957668545631483,0.02183963525373668
1081,487,0,431_to_487,0.007267621109310126,0.004708288174877976
1082,487,0,431_to_487,0.007926617360014706,0.005175885009724109
1083,487,0,431_to_487,0.035931060649454595,0.027039032147610234
1084,487,0,431_to_487,0.019623554341020776,0.013933917615199954
1085,487,0,431_to_487,0.005723780069015738,0.003628827706534225
1086,487,0,431_to_487,0.09893050509111236,0.08259360904309616
1087,487,0,431_to_487,0.00577372918616699,0.0036633673930433434
1088,487,0,431_to_487,0.013777453176761451,0.009464669311728317
1089,487,0,431_to_487,0.039344174440176655,0.029872919973815824
1090,487,1,431_to_487,0.20555549237259177,0.18618917360496864
1091,487,0,431_to_487,0.009894309838058193,0.006592849062377409
1092,487,0,431_to_487,0.07684144989021807,0.062451982855918735
1093,487,0,431_to_487,0.18871326815247919,0.16927182735049462
1094,487,0,431_to_487,0.013107093876554239,0.008962643706875112
1095,487,1,431_to_487,0.09998372666043721,0.08356821699057203
1097,487,0,431_to_487,0.03711351019143102,0.028017737184899916
1098,487,0,431_to_487,0.0057563196019805914,0.0036513255745028545
1099,487,0,431_to_487,0.3094158841656799,0.2936786949159939
1100,487,1,431_to_487,0.37255881859560136,0.3609567806468135
1102,487,0,431_to_487,0.030682907958632273,0.022737128155187553
1103,487,0,431_to_487,0.006503850166070367,0.00417128465627802
1104,487,0,431_to_487,0.007040937003613358,0.004548334789878501
1106,487,0,431_to_487,0.1383753863502578,0.11985071656685928
1107,487,1,431_to_487,0.3588880469847758,0.34630123887315073
1108,487,1,431_to_487,0.2561819067913162,0.23798043646528785
1109,487,0,431_to_487,0.013727491119657135,0.009427170710252649
1110,487,0,431_to_487,0.011647911027074123,0.00787852659786707
1111,487,0,431_to_487,0.016072059791936103,0.011200380576256788
1112,487,0,431_to_487,0.08086870050060416,0.06607925807997377
1113,487,0,431_to_487,0.016061890423695657,0.011192632284975496
1114,487,0,431_to_487,0.13210057251083376,0.11382740867110747
1115,487,0,431_to_487,0.08250849541580667,0.06756222114326403
1116,487,0,431_to_487,0.047369122054869706,0.03663617210357701
1117,487,0,431_to_487,0.016789971510047807,0.011748566473776922
1118,487,0,431_to_487,0.21118569037968257,0.19188194953463683
1119,487,0,431_to_487,0.031037607023531737,0.023025612019214353
1120,487,0,431_to_487,0.1044716108303822,0.08773457572799298
1121,487,0,431_to_487,0.028037704273314906,0.02059678341119585
1122,487,0,431_to_487,0.04789825099918776,0.03708670081505854
1123,487,0,431_to_487,0.04678774820535869,0.036141786433961015
1124,487,0,431_to_487,0.02907962452380347,0.021437476966450108
1125,487,0,431_to_487,0.025451627905590808,0.01852412825749585
1126,487,0,431_to_487,0.08819669071024762,0.07273248608267273
1127,487,0,431_to_487,0.039320039811483,0.029852787197490033
1128,487,0,431_to_487,0.014003956123649122,0.009634832828144521
1129,487,0,431_to_487,0.11226720938909047,0.0950217712432022
1130,487,0,431_to_487,0.006140272246097676,0.003917660125169637
1131,487,0,431_to_487,0.033702212154568575,0.025203462398071773
1132,487,0,431_to_487,0.11294154134341453,0.09565501948963168
1133,487,0,431_to_487,0.03697374615502152,0.02790188273048456
1134,487,0,431_to_487,0.1216732180343838,0.10389467364436311
1135,487,0,431_to_487,0.2651143098331259,0.24724672386222687
1136,487,0,431_to_487,0.11363083476265524,0.0963027835306412
1137,487,0,431_to_487,0.006995617632295806,0.0045164132531081745
1138,487,0,431_to_487,0.012275514871288036,0.008343310682170297
1139,487,0,431_to_487,0.03291281104109012,0.02455633645750516
1141,487,0,431_to_487,0.105559895012229,0.08874812001185198
1142,487,0,431_to_487,0.0075242983080275145,0.0048899653781588025
1144,487,0,431_to_487,0.5670084051027449,0.5718192929886787
1145,487,0,431_to_487,0.0861065963949434,0.0708280690822621
1146,487,0,431_to_487,0.00666009636541792,0.00428068667287163
1147,487,0,431_to_487,0.06036308879865559,0.04784688875954351
1148,487,0,431_to_487,0.15435909705569145,0.13534024507027412
1149,487,1,431_to_487,0.43041312167216766,0.42337965817020895
1150,487,0,431_to_487,0.07906800508399264,0.06445477312131533
1151,487,0,431_to_487,0.010329631974688577,0.0069101363651125
1152,487,0,431_to_487,0.12266785877230335,0.10483786271410953
1153,487,0,431_to_487,0.23835247657367675,0.2195932070687416
1154,487,0,431_to_487,0.017528794762317754,0.012315114272250545
1155,487,0,431_to_487,0.033525119079675286,0.025058148694557796
1156,487,1,431_to_487,0.10082177622737634,0.08434457931546055
1157,487,0,431_to_487,0.04037439224761983,0.030733524148395377
1158,487,0,431_to_487,0.00691158738780441,0.004457275837452103
1160,487,0,431_to_487,0.013793253347337947,0.009476530723530078
1161,487,0,431_to_487,0.12925998397316607,0.11111189147583632
1162,487,0,431_to_487,0.16701269173156544,0.14774199267786411
1163,487,0,431_to_487,0.009672227815438384,0.006431486500207935
1164,487,0,431_to_487,0.021380491102037918,0.015304977768871436
1165,487,0,431_to_487,0.028007635521058744,0.020572568672710664
1166,487,0,431_to_487,0.004419799653717918,0.0027376446549156257
1167,487,0,431_to_487,0.0073257387613858554,0.004749372590203959
1168,487,0,431_to_487,0.03806203604636333,0.028805203162744056
1169,487,0,431_to_487,0.015158435063079985,0.010506202541347386
1170,487,1,431_to_487,0.4185614457944785,0.4105484172328193
1171,487,0,431_to_487,0.15757871936458792,0.13848452884557524
1172,487,0,431_to_487,0.011175289558677309,0.007530082636036219
1173,487,0,431_to_487,0.05435094499478271,0.042622941551691884
1174,487,0,431_to_487,0.03333693286860371,0.02490381998046637
1175,487,0,431_to_487,0.005933513276739037,0.003774041543307913
1177,487,0,431_to_487,0.13308804538778218,0.11477305844037607
1178,487,0,431_to_487,0.006245579775075726,0.00399098134839766
1179,487,0,431_to_487,0.008856975598348176,0.005842177146910375
1180,487,0,431_to_487,0.006312646316794364,0.00403773664224626
1181,487,0,431_to_487,0.022924676765697673,0.01651934679761224
1182,487,0,431_to_487,0.18321609233064007,0.16378829169151946
1185,487,0,431_to_487,0.2174428900312884,0.1982296616165838
1186,487,0,431_to_487,0.017669421896833574,0.012423218686982679
1187,487,0,431_to_487,0.004470729217410605,0.0027720419467836817
1188,487,0,431_to_487,0.027971781013984228,0.020543698063219686
1189,487,0,431_to_487,0.07526743765755682,0.06104015255644691
1190,487,0,431_to_487,0.005869157980890317,0.003729432517995688
1191,487,0,431_to_487,0.016174353709987963,0.01127834731840665
1192,487,0,431_to_487,0.04137597203297717,0.031572443262998184
1193,487,0,431_to_487,0.021664771277052058,0.015527900784606115
1194,487,0,431_to_487,0.086666477745354,0.07133769110845337
1195,487,0,431_to_487,0.127274291826267,0.10921787841539411
1196,487,0,431_to_487,0.0802039252804929,0.06547904580169481
1197,487,0,431_to_487,0.0040933686939598575,0.002518051357746031
1198,487,0,431_to_487,0.26656634645150656,0.2487563046659608
1200,487,0,431_to_487,0.05306947365535665,0.04151746169669058
1201,487,0,431_to_487,0.05767671154845274,0.04550521955538724
1202,487,0,431_to_487,0.19666450197048926,0.17723706772569636
1203,487,0,431_to_487,0.011258823448702746,0.007591568411821941
1204,487,0,431_to_487,0.018576391429505804,0.013122437165209512
1205,487,0,431_to_487,0.007538833133976651,0.004900270638312196
1206,487,0,431_to_487,0.004118716940161537,0.0025350478523298425
1207,487,0,431_to_487,0.009159280521473797,0.006060129047841045
1208,487,0,431_to_487,0.033609067681907516,0.02512702278345598
1210,487,0,431_to_487,0.1040484679882178,0.08734082968285677
1211,487,0,431_to_487,0.01289006768552615,0.008800636531648268
1213,487,0,431_to_487,0.11172687460275206,0.09451468314297647
1216,487,0,431_to_487,0.0045349787620890605,0.0028154864274293483
1217,487,0,431_to_487,0.02115799149975184,0.015130706596237227
1218,487,0,431_to_487,0.010379462217585957,0.0069465371525858025
1219,487,0,431_to_487,0.028709996569645145,0.021138876919952653
1220,487,0,431_to_487,0.06633266619210686,0.053091553877613225
1222,487,0,431_to_487,0.018453240320200646,0.013027294478079668
1223,487,0,431_to_487,0.14121505166199905,0.12258749993531079
1224,487,0,431_to_487,0.030710929913646382,0.02275990652183941
1225,487,0,431_to_487,0.07606661484103744,0.06175656686233821
1226,487,0,431_to_487,0.007830632297557613,0.005107544893779571
1227,487,0,431_to_487,0.0186809048783523,0.01320322969725177
1228,487,0,431_to_487,0.0038692608421517735,0.0023682055731625846
1229,487,0,431_to_487,0.010141610838352053,0.006772937788907317
1230,487,0,431_to_487,0.25837535993853966,0.24025262857711946
1231,487,0,431_to_487,0.020038792208570497,0.014256897971685962
1232,487,0,431_to_487,0.08489403774852086,0.06972567970705475
1233,487,0,431_to_487,0.10764880191510716,0.09069703012562831
1234,487,0,431_to_487,0.009158108287410559,0.006059282585572358
1235,487,1,431_to_487,0.23109056712199275,0.21214808818749312
1236,487,0,431_to_487,0.006468132085018855,0.004146309140444322
1237,487,0,431_to_487,0.03632213251717579,0.027362350935409018
1238,487,0,431_to_487,0.061184687989814725,0.04856540368077614
1239,487,0,431_to_487,0.07158138417554072,0.057747185878216575
1240,487,0,431_to_487,0.010521471355063402,0.0070503647283319554
1241,487,0,431_to_487,0.014599211655380485,0.010083283252727683
1242,487,0,431_to_487,0.37283826645325224,0.36125680037820623
1243,487,1,431_to_487,0.19231790054395148,0.17287794437062037
1244,487,0,431_to_487,0.09892862600824966,0.08259187130533842
1245,487,0,431_to_487,0.007485837294011855,0.00486270528425177
1246,487,0,431_to_487,0.28828630659083293,0.27144014334271294
1247,487,0,431_to_487,0.0031887807551984897,0.001918222566209833
1248,487,0,431_to_487,0.02029680922622326,0.014457923680533216
1249,487,0,431_to_487,0.156539192865982,0.13746847053471578
1251,487,0,431_to_487,0.0634648067364196,0.050565046473363524
1252,487,0,431_to_487,0.3112194376123724,0.2955841005444219
1254,487,1,431_to_487,0.15177078487601264,0.1328182322395876
1255,487,1,431_to_487,0.3095319400919574,0.2938012721937631
1256,487,0,431_to_487,0.022607201300947066,0.016268992987248286
1257,487,0,431_to_487,0.04488850456068587,0.03453137092442595
1258,487,0,431_to_487,0.005556386067193634,0.0035132786306503647
1259,487,0,431_to_487,0.13106984911760902,0.11284124769857594
1260,487,0,431_to_487,0.009488743689388965,0.00629843161464531
1261,487,0,431_to_487,0.009398521389302262,0.006233094746753875
1262,487,1,431_to_487,0.4207988426362563,0.4129693038532534
1263,487,0,431_to_487,0.014280132164752988,0.009842672752301515
1264,487,0,431_to_487,0.006230041720033932,0.003980155624229259
1265,487,0,431_to_487,0.046637658764214954,0.03601426153815111
1266,487,0,431_to_487,0.015571181540062606,0.010819321150151716
1267,487,0,431_to_487,0.03708623943103391,0.027995128055450274
1268,487,0,431_to_487,0.03731423479309312,0.028184203843721268
1269,487,0,431_to_487,0.007483459068117406,0.004861020091283122
1270,487,0,431_to_487,0.0559660271094012,0.04402029519772205
1271,487,0,431_to_487,0.00965387369642759,0.00641816609314791
1272,487,0,431_to_487,0.006913661535039315,0.00445873474718238
1274,487,0,431_to_487,0.01115359815495642,0.007514123635469242
1277,487,0,431_to_487,0.0082196166209022,0.005384971202670424
1278,487,0,431_to_487,0.2171043858725119,0.19788570717608783
1279,487,0,431_to_487,0.0036083994947244237,0.002194779722686268
1281,487,1,431_to_487,0.13946366199425242,0.12089877029436621
1282,487,0,431_to_487,0.005160516656727552,0.0032413048602912813
1283,487,0,431_to_487,0.03794575337638431,0.02870855306508798
1284,487,0,431_to_487,0.01288281342534826,0.00879522581372656
1285,487,0,431_to_487,0.0052026267910865375,0.003270147270172882
1286,487,0,431_to_487,0.5025220486306512,0.5017186424399269
1287,487,0,431_to_487,0.017797877629380867,0.01252204030987249
1288,487,0,431_to_487,0.07306400210718965,0.059069427143633745
1289,487,0,431_to_487,0.00613540099016882,0.003914271266790103
1290,487,0,431_to_487,0.05266016727393895,0.04116498064640258
1291,487,0,431_to_487,0.005600161034882086,0.003543465174481781
1292,487,0,431_to_487,0.38777546396955254,0.3773174828106888
1293,487,0,431_to_487,0.007413511737989932,0.004811478286726499
1294,487,0,431_to_487,0.012095464383875643,0.008209733601397769
1295,487,0,431_to_487,0.01882513252903933,0.013314795742047062
1296,487,0,431_to_487,0.012521685060700227,0.008526243796956344
1297,487,0,431_to_487,0.017279402603284415,0.012123608027038027
1298,487,0,431_to_487,0.13721694955817382,0.11873618696084061
1299,487,0,431_to_487,0.006521719846435368,0.0041837846209978975
1300,487,0,431_to_487,0.0527753921967263,0.041264178274027764
1301,487,0,431_to_487,0.023886266201629817,0.017279738865266132
1302,487,0,431_to_487,0.2865756951763025,0.26964687121281594
1303,487,0,431_to_487,0.007547249349502983,0.00490623862065596
1304,487,0,431_to_487,0.028282249962957515,0.02079381735376604
1305,487,0,431_to_487,0.010452624955272303,0.007000012175081657
1306,487,0,431_to_487,0.006988721241388901,0.0045115573316913534
1307,487,0,431_to_487,0.008687984484118585,0.005720642452022006
1310,487,0,431_to_487,0.16070665452466024,0.14154671643788666
1312,487,0,431_to_487,0.042781916724001286,0.03275369901303503
1313,487,0,431_to_487,0.11004842212867554,0.09294137244954796
1314,487,0,431_to_487,0.007297000710682663,0.004729053342540893
1316,487,0,431_to_487,0.024971998174704236,0.018142001515095863
1317,487,0,431_to_487,0.010539074452592976,0.007063244214173667
1318,487,0,431_to_487,0.019092132080142214,0.013521552831984302
1319,487,0,431_to_487,0.07825866530518971,0.06372601188447495
1320,487,1,431_to_487,0.2278415784479215,0.20882577938299798
1321,487,0,431_to_487,0.010374004515822913,0.006942549516313222
1322,487,1,431_to_487,0.14539839257117845,0.12663136162462563
1324,487,0,431_to_487,0.024850261164165718,0.018045129530135682
1325,487,0,431_to_487,0.02719524343983159,0.01991935125886769
1326,487,0,431_to_487,0.03236362762782598,0.024107080545379977
1328,487,0,431_to_487,0.058417003108985066,0.04614933492571178
1329,487,0,431_to_487,0.06920637037463086,0.05563557855068209
1330,487,0,431_to_487,0.02190164268752288,0.015713870400170395
1331,487,1,431_to_487,0.06770797345330268,0.05430756225944902
1332,487,0,431_to_487,0.02307630466989039,0.01663903993645541
1333,487,0,431_to_487,0.005913308189235481,0.003760031199824945
1334,487,0,431_to_487,0.36175053725072914,0.34936632030894593
1335,487,0,431_to_487,0.023106576420730985,0.01666294552834147
1336,487,0,431_to_487,0.007233047650731438,0.004683862040921981
1337,487,0,431_to_487,0.004951255296573982,0.0030982990274480153
1338,487,0,431_to_487,0.025038935068613048,0.018195286748875456
1340,487,0,431_to_487,0.07056770890108005,0.05684494707921833
1341,487,1,431_to_487,0.02725944916790405,0.019970905380543746
1343,487,1,431_to_487,0.3932156899623166,0.38317787449294644
1344,487,0,431_to_487,0.09402467666893582,0.07807021588380786
1345,487,0,431_to_487,0.058017819026721915,0.04580189842798535
1346,487,0,431_to_487,0.015120249562925603,0.010477275591303962
1347,487,0,431_to_487,0.019461217425727723,0.013807831544183498
1348,487,0,431_to_487,0.1884287501917905,0.1689875407403222
1349,487,0,431_to_487,0.006251911998136049,0.0039953938692244536
1350,487,0,431_to_487,0.021712827121919638,0.015565613487160092
1351,487,0,431_to_487,0.1001414292244442,0.08371425295069891
1352,487,0,431_to_487,0.009075414285832169,0.005999595564936042
1353,487,0,431_to_487,0.010693240816226756,0.00717612832887332
1354,487,0,431_to_487,0.01581767248834499,0.011006700607914229
1356,487,0,431_to_487,0.013439989193454108,0.00921164501191707
1357,487,0,431_to_487,0.018313260895848716,0.012919226587413636
1359,487,0,431_to_487,0.034171224459395425,0.025588693449072736
1360,487,0,431_to_487,0.14501280676438724,0.12625803747778216
1362,487,0,431_to_487,0.0399855304637416,0.030408407279845825
1363,487,0,431_to_487,0.019273763380403812,0.013662366389494123
1364,487,0,431_to_487,0.020137885037575496,0.014334072832751083
1366,487,0,431_to_487,0.007858530240171196,0.005127399854138742
1367,487,0,431_to_487,0.0046367761212853026,0.0028844350166528305
1368,487,0,431_to_487,0.11881810960737466,0.10119240843475708
1369,487,0,431_to_487,0.019949821924891423,0.01418763887069479
1370,487,0,431_to_487,0.004609991893538014,0.0028662801980346648
1371,487,0,431_to_487,0.02879193992632352,0.021205040219324185
1372,487,0,431_to_487,0.10228510096486833,0.08570201487780839
1373,487,0,431_to_487,0.09070476398052811,0.07502468412113947
1374,487,0,431_to_487,0.010703795423650702,0.007183862318271586
1375,487,0,431_to_487,0.004522097117514637,0.0028067715410751487
1376,487,0,431_to_487,0.01293643551066766,0.008835227680605469
1377,487,0,431_to_487,0.15809832533390294,0.13899270830395413
1378,487,0,431_to_487,0.00465985582472562,0.0029000865356678856
1379,487,0,431_to_487,0.006130632024009404,0.00391095381039533
1380,487,0,431_to_487,0.11232037528687364,0.0950716815872469
1381,487,0,431_to_487,0.14072260706047315,0.12211241684854571
1382,487,0,431_to_487,0.05079545357839243,0.03956297319282825
1383,487,0,431_to_487,0.029458614942874925,0.0217440444331938
1384,487,0,431_to_487,0.08972006629487242,0.0741238490176673
1385,487,0,431_to_487,0.08540459775171616,0.07018963077478368
1386,487,1,431_to_487,0.5112530519346707,0.5112179282328522
1387,487,0,431_to_487,0.010748772520715833,0.00721682781047503
1388,487,0,431_to_487,0.011503950310744098,0.007772245347024199
1389,487,0,431_to_487,0.17116070562909172,0.15183263907635422
1390,487,0,431_to_487,0.005225008711592057,0.0032854860040113015
1391,487,0,431_to_487,0.010239675149348934,0.006844465362848973
1392,487,0,431_to_487,0.007626054602302454,0.0049621498191561265
1393,487,0,431_to_487,0.012124820533031606,0.008231499662159318
1394,487,0,431_to_487,0.006905027024319678,0.004452661688841249
1395,487,0,431_to_487,0.059370197670235325,0.04698002616333434
1396,487,0,431_to_487,0.005587162312681804,0.0035344991827128947
1397,487,0,431_to_487,0.007129010743152846,0.004610425619969675
1398,487,0,431_to_487,0.23498319992188815,0.21613564637217297
1399,487,0,431_to_487,0.16182907833948987,0.14264731158027882
1401,487,0,431_to_487,0.06737673906182358,0.05401443723178715
1402,487,0,431_to_487,0.008121090358536993,0.005314583264030459
1403,487,0,431_to_487,0.010680462717627804,0.007166766023102051
1404,487,0,431_to_487,0.12836732271426923,0.11026000820834732
1405,487,0,431_to_487,0.11372443077133218,0.09639077664696372
1406,487,0,431_to_487,0.05531309330306004,0.04345484100360013
1407,487,0,431_to_487,0.09551346195642357,0.07944007906268835
1408,487,0,431_to_487,0.012935205550305655,0.00883430995660117
1409,487,0,431_to_487,0.014789126043909024,0.010226735453730268
1410,487,0,431_to_487,0.10146960603608551,0.08494524588829952
1412,487,0,431_to_487,0.013255237986534826,0.009073379465687497
1415,487,0,431_to_487,0.20026783722040462,0.18085950292748937
1417,487,0,431_to_487,0.03864462604493983,0.029289898939829643
1418,487,0,431_to_487,0.0204284444395399,0.014560580856636824
1419,487,0,431_to_487,0.005445865205058518,0.0034371627593875187
1420,487,0,431_to_487,0.018714172504532483,0.013228956078540759
1421,487,0,431_to_487,0.00699641988502,0.00451697816817702
1423,487,0,431_to_487,0.008948501331324313,0.005908091565592785
1424,487,0,431_to_487,0.03132696055605247,0.023261201204835727
1425,487,0,431_to_487,0.01720142727000479,0.012063786699991622
1426,487,0,431_to_487,0.13671996624120997,0.11825838752784228
1427,487,0,431_to_487,0.2189970385546309,0.19980963581051378
1428,487,0,431_to_487,0.0030779093828673726,0.0018456829334098418
1429,487,0,431_to_487,0.025958229124890007,0.018928535024205835
1430,487,0,431_to_487,0.010388135859901398,0.006952874904159391
1431,487,0,431_to_487,0.016114600761852577,0.011232798754999778
1432,487,0,431_to_487,0.3645958974664324,0.35241499095586276
1434,487,0,431_to_487,0.006629937851476084,0.004259551303855555
1435,487,0,431_to_487,0.3123844575925781,0.29681548668008356
1437,487,0,431_to_487,0.023798863163476156,0.01721049456307193
1438,487,0,431_to_487,0.06482919152827994,0.051765469051167794
1439,487,0,431_to_487,0.09574313985173617,0.07965163468512311
1440,487,0,431_to_487,0.01378100647447581,0.00946733670856588
1441,487,1,431_to_487,0.3849655812415043,0.37429280106374757
1442,487,0,431_to_487,0.1456894125562639,0.12691320636808262
1443,487,0,431_to_487,0.11514326632653858,0.09772573158473363
1445,487,0,431_to_487,0.004798455919779262,0.002994226320595764
1446,487,0,431_to_487,0.011688838821280648,0.007908765091577077
1447,487,0,431_to_487,0.07154108085644578,0.05771128538986689
1448,487,0,431_to_487,0.010799293638275214,0.007253872327326873
1449,487,0,431_to_487,0.06245082320282891,0.049674783579149825
1450,487,0,431_to_487,0.13488557341000848,0.11649662111543319
1451,487,0,431_to_487,0.003533264028151345,0.0021450354495418716
1452,487,0,431_to_487,0.004799528037359533,0.002994955502198463
1453,487,0,431_to_487,0.005043769374288049,0.0031614547001198082
1454,487,0,431_to_487,0.011296520547602888,0.007619329877233787
1456,487,0,431_to_487,0.02186715987406748,0.015686785141975357
1457,487,0,431_to_487,0.045647415866912094,0.035174007493262806
1458,487,0,431_to_487,0.013900966631780991,0.009557427402672123
1459,487,0,431_to_487,0.006323900969176317,0.004045587309852313
1460,487,0,431_to_487,0.01862053642686287,0.01315655734103613
1461,487,0,431_to_487,0.004995684555769414,0.0031286157415139596
1462,487,0,431_to_487,0.005719277683396355,0.003625715677979798
1463,487,0,431_to_487,0.008824127376011187,0.005818536268111379
1464,487,0,431_to_487,0.01358178231261091,0.00931788533423793
1465,487,0,431_to_487,0.11276771591537377,0.09549174117661893
1466,487,0,431_to_487,0.5564122841776356,0.5603171372372903
1467,487,0,431_to_487,0.004504853918332422,0.00279510945849948
1468,487,0,431_to_487,0.024639440722649102,0.01787748294635261
1469,487,0,431_to_487,0.01601213080654626,0.01115472609823944
1470,487,0,431_to_487,0.01602106346394809,0.01116153002985939
1471,487,0,431_to_487,0.20021667663065779,0.18080801658818957
1473,487,0,431_to_487,0.01318515843763658,0.009020981044513104
1474,487,0,431_to_487,0.02107690227506597,0.015067239279254449
1475,487,0,431_to_487,0.006188371045611565,0.003951135020558316
1476,487,0,431_to_487,0.013713703149038475,0.009416824575352123
1477,487,0,431_to_487,0.35693846175545124,0.344214809819371
1479,487,0,431_to_487,0.006199947237822065,0.003959195194363174
1480,487,0,431_to_487,0.1295376630965776,0.1113770303642248
1481,487,0,431_to_487,0.013513567959963287,0.009266761472476074
1483,487,0,431_to_487,0.005366100429019851,0.003382316613514462
1484,487,0,431_to_487,0.010446433604040455,0.006995485509126534
1485,487,0,431_to_487,0.07620326953310856,0.06187915605806425
1486,487,1,431_to_487,0.1941639403630527,0.1747278824794147
1487,487,0,431_to_487,0.21053154147319628,0.19121960167312738
1488,487,0,431_to_487,0.0075382302522522425,0.004899843155533306
1489,487,0,431_to_487,0.006912768090199686,0.004458106312676019
1490,487,0,431_to_487,0.004741631508257668,0.002955599618715961
1491,487,0,431_to_487,0.008234125184702484,0.0053953429196071856
1492,487,0,431_to_487,0.025556332839540143,0.018607645266908387
1493,487,0,431_to_487,0.29927706109020974,0.2829879160186236
1494,487,0,431_to_487,0.04980545980820827,0.03871504169453974
1495,487,0,431_to_487,0.00900439254940611,0.0059483741153563445
1496,487,1,431_to_487,0.23989642903434108,0.22117948476418986
1498,487,0,431_to_487,0.11676555327414166,0.0992545166139522
1499,487,0,431_to_487,0.028680368527650324,0.021114959185325365
1501,487,0,431_to_487,0.007944317178438515,0.005188495511104959
1502,487,0,431_to_487,0.1378437437832477,0.11933908407378259
1503,487,0,431_to_487,0.3384157208668875,0.32444053085941205
1505,487,0,431_to_487,0.02645700039911105,0.01932747355349955
1506,487,0,431_to_487,0.006364879424153748,0.0040741826702621565
1508,487,0,431_to_487,0.054123562195168194,0.04242657564431069
1509,487,0,431_to_487,0.005701772163256826,0.003613618086011451
1510,487,0,431_to_487,0.006044253677710224,0.003850907454261165
1511,487,0,431_to_487,0.005705244696364733,0.0036160175883355795
1512,487,0,431_to_487,0.054969138941756375,0.043157264429275304
1513,487,0,431_to_487,0.06052777933304681,0.04799082912570672
1514,487,0,431_to_487,0.03131529045865879,0.023251695149623105
1515,487,0,431_to_487,0.018854634105925114,0.013337626824550149
1517,487,0,431_to_487,0.005061304918478472,0.0031734375481302273
1518,487,0,431_to_487,0.09004579493577002,0.0744217096914999
1520,487,0,431_to_487,0.010239370188153013,0.006844242825121722
1522,487,0,431_to_487,0.04996430865766635,0.038850973418062006
1523,487,1,431_to_487,0.3563541313714769,0.3435896463660687
1524,487,0,431_to_487,0.046678378156639305,0.03604885477771984
1525,487,0,431_to_487,0.015246170283784697,0.010572691993661284
1526,487,0,431_to_487,0.005784570813339111,0.0036708679933492683
1527,487,0,431_to_487,0.005776648717504129,0.003665387094973861
1528,487,0,431_to_487,0.0060043851426449584,0.003823219257201508
1529,487,0,431_to_487,0.004168168135410138,0.002568233227147533
1530,487,0,431_to_487,0.06887128713886341,0.05533831243132801
1531,487,0,431_to_487,0.10163761815578103,0.08510110046190829
1532,487,0,431_to_487,0.3911199243941942,0.38091958827379135
1533,487,0,431_to_487,0.24311332674537495,0.224488291689926
1534,487,0,431_to_487,0.011672391558963437,0.007896612222479516
1535,487,0,431_to_487,0.008218612288591711,0.005384253300309483
1536,487,0,431_to_487,0.005791823485118863,0.003675886357153537
1537,487,0,431_to_487,0.010562768544612376,0.007080583453910984
1539,487,0,431_to_487,0.570342551980899,0.5754363379134371
1540,487,0,431_to_487,0.009456456709136285,0.0062750433952453695
1541,487,0,431_to_487,0.008486909428275432,0.005576322386237159
1542,487,0,431_to_487,0.013134785792098827,0.008983333960190487
1543,487,0,431_to_487,0.12465358099063102,0.10672360370449474
1544,487,0,431_to_487,0.07747353873525825,0.06301987949723373
1545,487,0,431_to_487,0.005229921320672113,0.0032888535114292596
1546,487,0,431_to_487,0.01487054053277442,0.010288286760181193
1547,487,0,431_to_487,0.038154789495825674,0.02888231892070289
1548,487,0,431_to_487,0.0866955637519034,0.07136417659682313
1549,487,0,431_to_487,0.007779108902928142,0.005070893057049176
1552,487,0,431_to_487,0.13590337945942566,0.11747377646982544
1554,487,0,431_to_487,0.12959713546064827,0.11143382579771252
1555,487,0,431_to_487,0.011706265005461463,0.007921643062576417
1556,487,0,431_to_487,0.016711068954048593,0.011688204076881068
1557,487,0,431_to_487,0.007019681390915375,0.004533360624433203
1558,487,0,431_to_487,0.017523907652669347,0.012311358923978806
1559,487,1,431_to_487,0.04434082979430611,0.0340683304292654
1560,487,0,431_to_487,0.11921195804420658,0.10156471501853057
1562,487,0,431_to_487,0.03840108393391722,0.02908718541303734
1563,487,0,431_to_487,0.030605785681742798,0.022674448400231927
1564,487,1,431_to_487,0.1848871320324662,0.16545312621389063
1565,487,0,431_to_487,0.08493273381694769,0.06976083191633688
1566,487,0,431_to_487,0.007680570593037198,0.005000859668592935
1567,487,0,431_to_487,0.014672837081796772,0.010138875075283323
1568,487,0,431_to_487,0.020408559170338878,0.014545068893160162
1569,487,0,431_to_487,0.14926895895246892,0.13038542493237193
1570,487,0,431_to_487,0.11365682409224594,0.09632721620724256
1571,487,0,431_to_487,0.1035183826551248,0.08684783809484298
1572,487,0,431_to_487,0.12121134547220153,0.10345700685266289
1573,487,0,431_to_487,0.2852340666906257,0.26824119232646854
1574,487,0,431_to_487,0.12244340147413081,0.10462493597445507
1575,487,0,431_to_487,0.016987217732307047,0.01189958563392985
1577,487,0,431_to_487,0.02218557860938091,0.015937055168559155
1578,487,0,431_to_487,0.008778614523730837,0.0057857942942118904
1579,487,0,431_to_487,0.007128426069639112,0.004610013196963076
1580,487,0,431_to_487,0.003367673874658709,0.0020357456642018726
1583,487,0,431_to_487,0.3573836578731599,0.34469117277401556
1584,487,0,431_to_487,0.011051260480695567,0.007438870657752252
1585,487,0,431_to_487,0.006505057400022061,0.00417212902478516
1586,487,0,431_to_487,0.026121043901817038,0.019058676487830405
1587,487,0,431_to_487,0.03166408178350451,0.023535965835159607
1588,487,0,431_to_487,0.0049451085701986445,0.003094106708920822
1589,487,0,431_to_487,0.3109663019924698,0.29531660427212864
1590,487,0,431_to_487,0.01288084586686215,0.008793758325852736
1591,487,0,431_to_487,0.011195459869892833,0.007544925165225603
1592,487,0,431_to_487,0.05360992475242631,0.04198333653365817
1593,487,0,431_to_487,0.05736203104559509,0.04523169775767149
1594,487,0,431_to_487,0.09244358723336259,0.0766182024706007
1595,487,0,431_to_487,0.008548495034810363,0.005620491309124586
1596,487,0,431_to_487,0.04446702526794581,0.034174970281507164
1597,487,0,431_to_487,0.17237308266136867,0.15303052116524343
1598,487,0,431_to_487,0.0026495471976869496,0.0015677075995770967
1599,487,0,431_to_487,0.005460807097347347,0.0034474450262578266
1600,487,0,431_to_487,0.06037553596141167,0.04785776611755678
1601,487,1,431_to_487,0.014792460106873065,0.010229255442851562
1602,487,0,431_to_487,0.011185162880540623,0.007537347702886416
1603,487,0,431_to_487,0.08185830932617966,0.06697380886198676
1604,487,0,431_to_487,0.01323621837129552,0.009059155879507067
1605,487,0,431_to_487,0.03726992074562168,0.028147444816067155
1607,487,0,431_to_487,0.018687339954199553,0.013208205691538128
1608,487,0,431_to_487,0.048027130889533885,0.037196517879474755
1609,487,0,431_to_487,0.025272325637661516,0.018381190068755496
1610,487,1,431_to_487,0.36423039350757336,0.35202326414651824
1611,487,0,431_to_487,0.04615818631439078,0.035607170524519186
1612,487,0,431_to_487,0.006417658569650202,0.0041110377902113535
1613,487,0,431_to_487,0.006835994429468053,0.004404133197261915
1614,487,0,431_to_487,0.05564320661919838,0.04374063456278153
1615,487,0,431_to_487,0.07962512478410434,0.06495692451174344
1616,487,0,431_to_487,0.048961528615275286,0.03799365786143414
1617,487,0,431_to_487,0.03987384705192065,0.030315093604878437
1618,487,0,431_to_487,0.006880938890879546,0.004435723094372428
1619,487,0,431_to_487,0.007843621874813097,0.005116788754109853
1620,487,0,431_to_487,0.008999536211353937,0.00594487306724194
1621,487,0,431_to_487,0.028070599503821993,0.020623277384558988
1622,487,0,431_to_487,0.011927334360443338,0.008085171364824294
1623,487,0,431_to_487,0.016642954665359606,0.01163611733142194
1624,487,0,431_to_487,0.051286881515306026,0.03998455368220799
1625,487,0,431_to_487,0.10104501000334244,0.08455150996346232
1627,487,0,431_to_487,0.020190265440184034,0.01437488262320598
1630,487,0,431_to_487,0.007194130061108665,0.0046563797591405885
1631,487,0,431_to_487,0.0032362896644278325,0.0019493765084765797
1632,487,0,431_to_487,0.029404279087800078,0.021700066892970743
1633,487,0,431_to_487,0.0025549781781682075,0.0015068624746921824
1634,487,0,431_to_487,0.06661421882840088,0.05334026553998174
1637,487,0,431_to_487,0.19094279638128173,0.1715013123926619
1638,487,0,431_to_487,0.04635108134153835,0.03577089144315318
1639,487,0,431_to_487,0.03670467011911509,0.027678967511525796
1640,487,0,431_to_487,0.023282025583679707,0.01680155940528581
1641,487,0,431_to_487,0.10409672188588184,0.0873857217023735
1642,487,0,431_to_487,0.01049860275266187,0.00703363572898106
1643,487,0,431_to_487,0.16011789414283023,0.1409697769247113
1646,487,0,431_to_487,0.35287390847142813,0.3398679873451648
1648,487,0,431_to_487,0.010926012483736166,0.007346860855107397
1649,487,0,431_to_487,0.14843051282113398,0.129571206959992
1650,487,0,431_to_487,0.03482242191905636,0.026124478238152626
1651,487,0,431_to_487,0.017156945725044406,0.012029673100078691
1652,487,0,431_to_487,0.14242924708293747,0.12375974130986868
1653,487,0,431_to_487,0.0038842868082110235,0.002378228242536515
1654,487,0,431_to_487,0.29082117357606885,0.27409953046829
1656,487,0,431_to_487,0.21011162514517517,0.19079454983389427
1657,487,0,431_to_487,0.22368034747939722,0.20457864700033962
1658,487,0,431_to_487,0.0815851450209044,0.06672675838517195
1659,487,0,431_to_487,0.010481782388203369,0.007021333379851623
1660,487,0,431_to_487,0.0736829425108074,0.05962232393587544
1661,487,0,431_to_487,0.3540339596559842,0.3411081780022674
1662,487,0,431_to_487,0.013377367064619236,0.009164758792572097
1663,487,0,431_to_487,0.006705869409438925,0.004312781775519355
1666,487,0,431_to_487,0.0176592074291285,0.01241536366270857
1667,487,0,431_to_487,0.30051545302347854,0.2842918101531235
1668,487,0,431_to_487,0.028796927332346314,0.021209067809708184
1670,487,0,431_to_487,0.27663406011924163,0.2592472547726667
1671,487,0,431_to_487,0.08611665181819834,0.07083721846757426
1672,487,0,431_to_487,0.07289095240545036,0.058914937819400284
1673,487,0,431_to_487,0.014432671818212109,0.009957635326565163
1675,487,0,431_to_487,0.0046535214541826,0.0028957901703093956
1676,487,0,431_to_487,0.014007045668370261,0.009637155735181415
1677,487,0,431_to_487,0.006143359153736772,0.003919807768148462
1678,487,0,431_to_487,0.04066818965003934,0.030979380900092324
1680,487,0,431_to_487,0.011163750835182076,0.007521592892755621
1681,487,0,431_to_487,0.12311809129035363,0.10526510718376848
1683,487,0,431_to_487,0.055973544280309796,0.044026809475332614
1684,487,0,431_to_487,0.03050270936758118,0.02259070036870861
1685,487,0,431_to_487,0.011492624247346966,0.0077638890537413095
1686,487,0,431_to_487,0.017093035287223085,0.011980674318668786
1687,487,0,431_to_487,0.006989138090880171,0.004511850833229331
1688,487,0,431_to_487,0.02332399116930271,0.016834729939217283
1689,487,0,431_to_487,0.013366831707044792,0.009156872866289667
1690,487,0,431_to_487,0.23592294636271352,0.21709945017388216
1691,487,0,431_to_487,0.02728491687326777,0.019991358153315774
1692,487,0,431_to_487,0.00541662311530971,0.0034170473139376184
1693,487,0,431_to_487,0.005231165320619206,0.003289706297655452
1694,487,0,431_to_487,0.005196150969438584,0.0032657104007521925
1695,487,0,431_to_487,0.022851318229913313,0.01646146693314959
1696,487,0,431_to_487,0.02550595781859093,0.018567459725801108
1697,487,0,431_to_487,0.12079956905052988,0.10306697917659757
1698,487,0,431_to_487,0.08751525473892544,0.07211100415489997
1699,487,0,431_to_487,0.1044768118240793,0.08773941657161667
1700,487,0,431_to_487,0.09419729017025036,0.07822891172768368
1701,487,0,431_to_487,0.2421473258861488,0.22349416634918734
1702,487,0,431_to_487,0.1182349222138251,0.10064139017318074
1703,487,0,431_to_487,0.005845222342071518,0.003712852571340888
1704,487,1,431_to_487,0.11062476668957814,0.09348129389530233
1705,487,0,431_to_487,0.004809334616107635,0.0030016259626474717
1707,487,0,431_to_487,0.008577658175874973,0.005641417394983202
1708,487,0,431_to_487,0.047990312552269085,0.03716514214042573
1709,487,0,431_to_487,0.017673374538956493,0.012426258426384526
1710,487,0,431_to_487,0.005044572894152357,0.0031620036990243463
1711,487,1,431_to_487,0.6129487144367304,0.6215346871564574
1712,487,0,431_to_487,0.05391660263258657,0.04224792582891034
1713,487,0,431_to_487,0.05228294821945613,0.04084039759628474
1715,487,0,431_to_487,0.029578943634147647,0.021841463874552564
1716,487,0,431_to_487,0.03491876274982641,0.026203833739818036
1717,487,0,431_to_487,0.02049622950696653,0.014613469410090748
1719,487,0,431_to_487,0.07158727781653926,0.057752435876310786
1720,487,0,431_to_487,0.007941937134230602,0.005186799660178851
1721,487,0,431_to_487,0.29331950992829836,0.27672293451333296
1722,487,0,431_to_487,0.013270232390426823,0.00908459422849697
1723,487,0,431_to_487,0.022393123488572347,0.016100374361765733
1724,487,0,431_to_487,0.017624814445948433,0.012388918401735689
1725,487,1,431_to_487,0.15522032593812052,0.13618055179113445
1726,487,0,431_to_487,0.00995207255489588,0.006634875198262399
1728,487,0,431_to_487,0.08066261459237062,0.06589312621274974
1729,487,0,431_to_487,0.1792025468350755,0.15979712059566017
1730,487,0,431_to_487,0.013798518459079246,0.009480483608116121
1731,487,1,431_to_487,0.03564561092293941,0.026803268948509887
1732,487,0,431_to_487,0.02257113845382238,0.016240576817790127
1734,487,1,431_to_487,0.15952171946552304,0.1403858330792774
1735,487,0,431_to_487,0.024322894603318688,0.017626034058506254
1736,487,0,431_to_487,0.1875060234618401,0.16806591813002245
1738,487,0,431_to_487,0.11587133974000037,0.09841152585080862
1739,487,0,431_to_487,0.36270430047217744,0.3503880205268995
1740,487,0,431_to_487,0.011986612609260452,0.008129069752788695
1741,487,1,431_to_487,0.34638465073593305,0.332936808858225
1742,487,0,431_to_487,0.005462169658072855,0.003448382801502929
1743,487,0,431_to_487,0.13230372693223474,0.11402188942408509
1744,487,0,431_to_487,0.018570143393974264,0.013117608630854453
1745,487,0,431_to_487,0.0055246030072842725,0.0034913752113198905
1746,487,0,431_to_487,0.0697737578049253,0.05613930244097382
1747,487,0,431_to_487,0.05463280876817408,0.04286648210568811
1748,487,0,431_to_487,0.007903765655910163,0.005159607856160375
1749,487,0,431_to_487,0.00898456236276132,0.005934079185158307
1750,487,0,431_to_487,0.18386936745410645,0.1644389250444179
1751,487,0,431_to_487,0.009594155954982999,0.006374842782501663
1752,487,0,431_to_487,0.006045159235855114,0.0038515365491189734
1753,487,0,431_to_487,0.005497493352089496,0.003472701637299753
1754,487,0,431_to_487,0.007643848591263659,0.00497478186765603
1755,487,0,431_to_487,0.2175445720477292,0.19833299305996657
1756,487,0,431_to_487,0.06125720189467497,0.04862887128486913
1757,487,1,431_to_487,0.2953750190982005,0.27888306388175593
1758,487,0,431_to_487,0.02075145284605623,0.01481275991656813
1759,487,0,431_to_487,0.02764239794217745,0.020278650895394545
1760,487,0,431_to_487,0.1120801572238224,0.09484619539104061
1761,487,0,431_to_487,0.05789374855159361,0.04569396548603393
1762,487,0,431_to_487,0.004043421074442672,0.0024845885919760713
1763,487,0,431_to_487,0.011120642319300388,0.007489882706085063
1764,487,0,431_to_487,0.01587074969107417,0.01104708655206318
1765,487,0,431_to_487,0.06316899891556367,0.050305165895865506
1766,487,0,431_to_487,0.3055101309508864,0.28955612248078855
1767,487,0,431_to_487,0.002778429430275073,0.0016509440738736822
1768,487,0,431_to_487,0.03005036187716816,0.022223520029143705
1769,487,0,431_to_487,0.012798023734208365,0.008732005614775273
1770,487,0,431_to_487,0.03863533344428741,0.029282161715056203
1771,487,0,431_to_487,0.5475031150741887,0.5506390551311829
1772,487,0,431_to_487,0.028151243269203343,0.020688241659619324
1773,487,0,431_to_487,0.018571937422827953,0.013118995055067645
1774,487,0,431_to_487,0.016107493310951237,0.011227381969859472
1775,487,0,431_to_487,0.004889628913056286,0.0030562889720106914
1776,487,0,431_to_487,0.004557704813775511,0.0028308669121491228
1777,487,0,431_to_487,0.07816457291198833,0.06364134339206069
1778,487,0,431_to_487,0.007408258620339466,0.004807759395623514
1779,487,0,431_to_487,0.006607221246357333,0.0042436371683740115
1781,487,0,431_to_487,0.014516666964945774,0.01002098904029665
1782,487,0,431_to_487,0.19069556793874198,0.17125393461481564
1783,487,0,431_to_487,0.04681900622342059,0.036168350662321096
1784,487,0,431_to_487,0.07074930300484149,0.05700647044834783
1785,487,0,431_to_487,0.015498468004007487,0.010764099989849686
1786,487,0,431_to_487,0.1123466155861242,0.0950963161287659
1787,487,0,431_to_487,0.02657256095339723,0.01942001328524844
1788,487,0,431_to_487,0.007234381649805848,0.004684804309811172
1789,487,0,431_to_487,0.31359811887416267,0.2980987601386881
1790,487,0,431_to_487,0.03364238969679876,0.025154366182194954
1791,487,0,431_to_487,0.012205382151479401,0.00829125774188356
1793,487,0,431_to_487,0.017809673698635765,0.012531118597725798
1794,487,0,431_to_487,0.018206123200361052,0.012836568202036287
1795,487,0,431_to_487,0.0028839263432657125,0.0017193379756279918
1796,487,0,431_to_487,0.055544732765949976,0.04365536183073133
1797,487,0,431_to_487,0.005411540799817127,0.0034135522378987656
1798,487,0,431_to_487,0.03306568724137729,0.024681534828661866
1799,487,0,431_to_487,0.07152679140717225,0.05769855750579956
1800,487,0,431_to_487,0.028598721793176646,0.021049061576429638
1801,487,0,431_to_487,0.23103120210827585,0.21208733493161053
1802,487,0,431_to_487,0.0608758555098994,0.048295192869270184
1803,487,0,431_to_487,0.008865662619367078,0.005848430575929328
1804,487,0,431_to_487,0.005859376671890586,0.0037226563615592703
1805,487,0,431_to_487,0.17847883023661246,0.1590785738920369
1806,487,0,431_to_487,0.009456026365260297,0.006274731711095556
1807,487,0,431_to_487,0.011819487971721974,0.008005359352748658
1808,487,0,431_to_487,0.01932093840368719,0.013698961314125666
1809,487,0,431_to_487,0.047929576102802636,0.03711338963397373
1810,487,0,431_to_487,0.011618116233617226,0.007856519809638458
1811,487,0,431_to_487,0.2202122693728865,0.20104597342683483
1812,487,0,431_to_487,0.024594106412253423,0.017841451490594136
1814,487,0,431_to_487,0.04465652376984732,0.03433516452916565
1815,487,0,431_to_487,0.009871814814983705,0.00657648872397877
1816,487,0,431_to_487,0.02735473892275195,0.02004744127143163
1817,487,0,431_to_487,0.03407584223741167,0.025510304819533747
1819,487,0,431_to_487,0.030591324288985845,0.022662696971263753
1820,487,0,431_to_487,0.013574932582136554,0.009312750624666459
1821,487,0,431_to_487,0.014753126559935407,0.010199529419410243
1822,487,0,431_to_487,0.010684436222443462,0.007169677232041498
1823,487,0,431_to_487,0.008061872713490341,0.005272316017548016
1824,487,0,431_to_487,0.010703168274952313,0.007183402748870514
1825,487,0,431_to_487,0.05189049735592936,0.04050297996304159
1826,487,0,431_to_487,0.019734130069074082,0.014019860191227229
1827,487,0,431_to_487,0.05041328263614265,0.039235427843104555
1828,487,1,431_to_487,0.20967738014351972,0.19035509931209824
1829,487,0,431_to_487,0.008619792410517055,0.005671662687013584
1831,487,0,431_to_487,0.007781801677946194,0.005072808038388152
1832,487,0,431_to_487,0.030474705995446504,0.022567953058740337
1833,487,0,431_to_487,0.018438512052596532,0.013015920052888449
1834,487,0,431_to_487,0.012726970682047095,0.008679058498012631
1835,487,0,431_to_487,0.008056765946074866,0.005268672360864142
1836,487,0,431_to_487,0.05268478603165485,0.041186173045210675
1837,487,0,431_to_487,0.012367787666003237,0.008411839398623151
1838,487,0,431_to_487,0.04683134021169019,0.036178833072018086
1839,487,0,431_to_487,0.014343282212709457,0.00989025191983021
1840,487,0,431_to_487,0.03797302345291404,0.028731216202363755
1841,487,0,431_to_487,0.05550522404684788,0.04362115421764572
1842,487,1,431_to_487,0.15508223896783696,0.1360457814062588
1843,487,0,431_to_487,0.22332526946968537,0.20421666085747311
1844,487,0,431_to_487,0.03779950434226317,0.028587040293415696
1845,487,0,431_to_487,0.01649388459039756,0.01152219664585788
1846,487,0,431_to_487,0.16251885882841444,0.14332413534575245
1847,487,0,431_to_487,0.015999616801782243,0.011145194904849753
1848,487,0,431_to_487,0.015545025076778218,0.010799454143391759
1849,487,0,431_to_487,0.04566546319329765,0.03518930381499186
1850,487,0,431_to_487,0.012522746049928247,0.008527032984934632
1851,487,0,431_to_487,0.04999797856479134,0.03887979181161521
1852,487,0,431_to_487,0.1147416750176978,0.0973476818728857
1853,487,0,431_to_487,0.13326803181974434,0.11494551303183682
1854,487,0,431_to_487,0.008043413059559457,0.005259146152933194
1855,487,0,431_to_487,0.3786325566231579,0.36748143162502844
1856,487,0,431_to_487,0.0020327139038350266,0.0011746889175877123
1857,487,0,431_to_487,0.02563335453380837,0.018669103085909487
1858,487,0,431_to_487,0.016902470138376657,0.011834678570505887
1859,487,0,431_to_487,0.1210847061929194,0.10333703933873067
1860,487,0,431_to_487,0.07215637885740572,0.05825961640340998
1861,487,0,431_to_487,0.013999492137057657,0.009631476619609435
1862,487,0,431_to_487,0.06279373289259262,0.04997567369832259
1864,487,0,431_to_487,0.015344493025260282,0.010647249195158325
1865,487,0,431_to_487,0.005641062062843625,0.003571689517017657
1866,487,0,431_to_487,0.2600095272157578,0.24194684552624526
1867,487,0,431_to_487,0.22726793079162366,0.20823975201205286
1869,487,0,431_to_487,0.009244681830016989,0.006121824068646963
1870,487,0,431_to_487,0.06507254778440671,0.05197988022194677
1871,487,0,431_to_487,0.33179328755958504,0.3173933393810313
1872,487,0,431_to_487,0.01377855951425209,0.009465499812332877
1873,487,0,431_to_487,0.0207362387316346,0.014800873162336633
1874,487,0,431_to_487,0.1751982636378755,0.15582585474589478
1875,487,1,431_to_487,0.15496928427304865,0.1359355504499603
1877,487,0,431_to_487,0.024597962308468967,0.017844515874903107
1878,487,1,431_to_487,0.39828765457890264,0.38864646109876616
1879,487,0,431_to_487,0.013479403382711377,0.009241165837720866
1881,487,0,431_to_487,0.009981594881558378,0.006656363512049468
1883,487,0,431_to_487,0.02125423016248124,0.015206062549273595
1884,487,0,431_to_487,0.2795080247771683,0.2622496199157471
1887,487,0,431_to_487,0.02496920792334398,0.018139780643358527
1889,487,0,431_to_487,0.07377602402319092,0.0597055191573111
1890,487,0,431_to_487,0.039544375458651033,0.030039975247007005
1891,487,0,431_to_487,0.12629517625303008,0.10828527152525831
1892,487,0,431_to_487,0.004597081236339177,0.002857532567393767
1893,487,0,431_to_487,0.2912414533314933,0.2745406878160345
1894,487,0,431_to_487,0.03065840929261984,0.022717215540453722
1895,487,0,431_to_487,0.13182476699655965,0.11356343629239825
1896,487,0,431_to_487,0.013919878228162517,0.009571636958644032
1898,487,1,431_to_487,0.5235383929318911,0.5245829996871028
1899,487,0,431_to_487,0.006913481019325974,0.004458607774771048
1900,487,0,431_to_487,0.011220242804734958,0.007563165419157249
1901,487,0,431_to_487,0.004683239235519746,0.0029159512422381696
1903,487,0,431_to_487,0.08601094878152436,0.0707410459417161
1904,487,0,431_to_487,0.31938822504670056,0.30422753744489756
1905,487,0,431_to_487,0.03382231334080384,0.025302056655144546
1906,487,0,431_to_487,0.011704899702517618,0.007920634036092106
1907,487,0,431_to_487,0.006874350222950459,0.004431090949348268
1908,487,0,431_to_487,0.03488177883052809,0.026173367547360576
1909,487,0,431_to_487,0.18941958607983359,0.16997779249693912
1910,487,0,431_to_487,0.1849932819714188,0.16555894312285913
1911,487,0,431_to_487,0.008105424051005002,0.005303398455288045
1912,487,0,431_to_487,0.036041010581372705,0.02712989618926902
1913,487,0,431_to_487,0.07675456220760797,0.06237396085593301
1914,487,0,431_to_487,0.01749160627690297,0.012286540511524295
1915,487,0,431_to_487,0.16781800127595103,0.14853521564251682
1916,487,0,431_to_487,0.007230874726972876,0.004682327233010935
1917,487,0,431_to_487,0.005159717806615406,0.003240757913557174
1918,487,0,431_to_487,0.2868959228587188,0.2699824884684161
1919,487,0,431_to_487,0.00978796547151608,0.0065155372237955984
1920,487,1,431_to_487,0.02703918086921838,0.01979409219322726
1921,487,0,431_to_487,0.015108556524121972,0.010468419090012495
1922,487,0,431_to_487,0.0369857718663876,0.027911849383230936
1923,487,0,431_to_487,0.008604528134664797,0.005660703901617739
1924,487,0,431_to_487,0.004383054618291017,0.0027128498754851126
1925,487,0,431_to_487,0.019476307670107933,0.01381954767601561
1926,487,0,431_to_487,0.05514976049747899,0.04331350602996266
1927,487,0,431_to_487,0.025399402618752582,0.01848248417670204
1928,487,0,431_to_487,0.012966303194697618,0.008857515754079816
1929,487,0,431_to_487,0.04125300018635763,0.03146932517332737
1930,487,0,431_to_487,0.021719314860218858,0.01557070549630739
1931,487,0,431_to_487,0.019682912123000863,0.013980046223020648
1932,487,0,431_to_487,0.01975998690595201,0.014039963734186957
1933,487,0,431_to_487,0.024919302432526116,0.018100063117645178
1934,487,1,431_to_487,0.20080858147643824,0.1814037856291933
1935,487,0,431_to_487,0.008010113922148652,0.005235396339829062
1936,487,0,431_to_487,0.008812688654228384,0.005810305751367692
1937,487,0,431_to_487,0.004753117515840036,0.0029634038967727896
1938,487,0,431_to_487,0.23676343920087453,0.21796183176356726
1939,487,0,431_to_487,0.025703453186598252,0.018725053061337045
1940,487,0,431_to_487,0.01394081811155664,0.009587372672806934
1941,487,0,431_to_487,0.04164570123493555,0.03179873894075262
1942,487,0,431_to_487,0.024140832140651717,0.01748156144714056
1943,487,0,431_to_487,0.008994198045188948,0.005941024862565567
1944,487,0,431_to_487,0.00379301444374278,0.0023174022296513965
1945,487,0,431_to_487,0.07010565273940757,0.05643417256893252
1946,487,0,431_to_487,0.021075850862192654,0.015066416513467937
1947,487,0,431_to_487,0.009232550904084999,0.006113057253084481
1948,487,0,431_to_487,0.009790256606506254,0.006517202036003245
1949,487,0,431_to_487,0.014756879618837088,0.01020236543412815
1950,487,0,431_to_487,0.10144222726521576,0.08491985116162262
1953,487,0,431_to_487,0.00918781759995211,0.0060807386164619505
1954,487,0,431_to_487,0.008013812391178876,0.005238033730079772
1955,487,0,431_to_487,0.07688646022241612,0.062492404483185805
1956,487,0,431_to_487,0.05811007430011912,0.04588217086975773
1957,487,0,431_to_487,0.037742917613425464,0.028540037806995787
1958,487,0,431_to_487,0.13780634345936232,0.11930310038054423
1959,487,0,431_to_487,0.01657890103211141,0.011587154724757126
1960,487,0,431_to_487,0.014819108367236085,0.010249399005624644
1961,487,0,431_to_487,0.04432036001116287,0.03405103577062544
1962,487,0,431_to_487,0.012477886081913199,0.008493670706000227
1963,487,0,431_to_487,0.07952363494626076,0.06486541800037145
1964,487,0,431_to_487,0.010406980070354418,0.006966645922323336
1965,487,0,431_to_487,0.005780815229084321,0.0036682696078734656
1966,487,0,431_to_487,0.007216954869539012,0.004672496194464467
1967,487,0,431_to_487,0.0963596909844506,0.08021983241826616
1968,487,0,431_to_487,0.014112980903198768,0.009716834078985399
1969,487,0,431_to_487,0.0052693774591843524,0.0033159105102278878
1970,487,0,431_to_487,0.022785224417220314,0.016409334864627947
1971,487,0,431_to_487,0.012278967386863529,0.008345873895816452
1972,487,0,431_to_487,0.00903019780218269,0.005966980699805668
1973,487,1,431_to_487,0.36588098267135544,0.35379252016601115
1974,487,0,431_to_487,0.006597148604165009,0.004236582390639018
1975,487,0,431_to_487,0.024130195327985944,0.017473124165867267
1976,487,0,431_to_487,0.008057359683499932,0.005269095978898069
1977,487,0,431_to_487,0.10896889177939291,0.09193097058404312
1978,487,0,431_to_487,0.04738798125036087,0.03665222051482292
1979,487,0,431_to_487,0.017463795872159047,0.012265176283358225
1980,487,0,431_to_487,0.02335831554622212,0.01686186514413295
1981,487,0,431_to_487,0.038685549605169615,0.029323975138568797
1982,487,0,431_to_487,0.18224466005936174,0.162821302725387
1983,487,0,431_to_487,0.07740726946778125,0.06296031524640887
1985,487,0,431_to_487,0.005509688321715611,0.003481100686904825
1986,487,0,431_to_487,0.22614283022340517,0.2070908683140725
1987,487,0,431_to_487,0.03187388752846644,0.023707117153541124
1988,487,0,431_to_487,0.013205268625753785,0.009036014686792066
1989,487,0,431_to_487,0.006055642825351293,0.003858820173143035
1990,487,0,431_to_487,0.014943638837360287,0.010343578627042344
1991,487,0,431_to_487,0.2246654533619635,0.20558326752420797
1992,487,0,431_to_487,0.11466537041822299,0.09727586814141911
1993,487,0,431_to_487,0.02066865370869423,0.014748079607511922
1994,487,0,431_to_487,0.0780864090384823,0.06357101698123874
1995,487,0,431_to_487,0.008032029287055415,0.005251025914938784
1996,487,0,431_to_487,0.014292825039029762,0.009852234322395077
1997,487,0,431_to_487,0.024094442365669162,0.01744476711773892
1998,487,0,431_to_487,0.004445356601515729,0.0027549010523792985
1999,487,0,431_to_487,0.15132076626213256,0.1323802685381157
2000,487,0,431_to_487,0.16801648252821505,0.14873078861043276
2002,487,0,431_to_487,0.09334613833888383,0.07744671868527116
2003,487,0,431_to_487,0.05201090217404268,0.04060647088936602
2004,487,0,431_to_487,0.004842400701994871,0.0030241267616824656
2005,487,0,431_to_487,0.02480792839661394,0.018011454524379834
2006,487,0,431_to_487,0.04194606407559723,0.03205091917064004
2007,487,0,431_to_487,0.0045894261571197935,0.002852346919244707
2008,487,0,431_to_487,0.015123462488227952,0.010479709230386885
2011,487,0,431_to_487,0.013463352534322112,0.00922914291322229
2012,487,0,431_to_487,0.005691756544882845,0.0036066980994497702
2013,487,0,431_to_487,0.018026351502847433,0.012697979017984766
2014,487,0,431_to_487,0.10655501813216757,0.08967598587032728
2015,487,0,431_to_487,0.005981558032279626,0.0038073737396899384
2016,487,0,431_to_487,0.05875009294361797,0.04643944678468859
2017,487,0,431_to_487,0.005112323401479235,0.0032083224388559195
2018,487,0,431_to_487,0.016208539175766066,0.011304413636463067
2019,487,0,431_to_487,0.011913559538508449,0.008074973423708725
2020,487,0,431_to_487,0.005645004244034382,0.00357441087288882
2021,487,0,431_to_487,0.022093807342432256,0.015864887985313797
2022,487,0,431_to_487,0.02022990553856056,0.014405773364480848
2023,487,0,431_to_487,0.029762831887413722,0.02199042039696784
2024,487,0,431_to_487,0.03976397557052968,0.030223320859126324
2025,487,0,431_to_487,0.12871472711574541,0.11059145830874834
2026,487,0,431_to_487,0.04144030296457742,0.031626400992698485
2027,487,0,431_to_487,0.007634373326334483,0.004968054984766553
2028,487,0,431_to_487,0.0877490500773801,0.07232416652451507
2029,487,0,431_to_487,0.04989659536950759,0.03879302336957065
2030,487,0,431_to_487,0.05802942698717965,0.045811997879153396
2032,487,0,431_to_487,0.04786959147300435,0.03706228470885041
2033,487,0,431_to_487,0.014168236735894162,0.009758417229127927
2034,487,0,431_to_487,0.00728823575942767,0.004722857559994259
2035,487,0,431_to_487,0.06248838979555374,0.04970773783553358
2036,487,0,431_to_487,0.04957939784535019,0.038521675009016675
2037,487,0,431_to_487,0.037599875136359186,0.028421255924153507
2038,487,0,431_to_487,0.09113308120295208,0.07541688039814644
2040,487,0,431_to_487,0.0075654471238973875,0.004919144874896478
2041,487,0,431_to_487,0.006784864645689433,0.004368219261024978
2042,487,0,431_to_487,0.08651289376379033,0.07119785586953009
2043,487,0,431_to_487,0.04165352876953565,0.031805308371063275
2044,487,0,431_to_487,0.10983249742121343,0.09273917997648363
2045,487,0,431_to_487,0.21704825954232598,0.19782868321208547
2046,487,0,431_to_487,0.1337794646583103,0.11543569710530813
2047,487,0,431_to_487,0.015855577395022094,0.011035540752626688
2048,487,0,431_to_487,0.17327107418030216,0.1539184316390085
2049,487,0,431_to_487,0.07885880413692074,0.06426631789663147
2050,487,0,431_to_487,0.013350526462443979,0.009144669241217249
2051,487,1,431_to_487,0.21670746262172313,0.1974824729530685
2053,487,0,431_to_487,0.005608872992762251,0.0035494754017086493
2054,487,0,431_to_487,0.17076757192039957,0.15144442479526143
2055,487,0,431_to_487,0.006488731533334833,0.004160711548845048
2056,487,0,431_to_487,0.049764168034740354,0.03867971480135941
2057,487,0,431_to_487,0.020921164437422944,0.014945413766173168
2058,487,0,431_to_487,0.012470833318671415,0.008488426620922631
2059,487,0,431_to_487,0.1380269937337115,0.1195154099898617
2060,487,0,431_to_487,0.15732053991181255,0.1382321021952431
2061,487,0,431_to_487,0.19993434404564367,0.18052391444834565
2062,487,0,431_to_487,0.012175682823848457,0.008269223316259358
2063,487,0,431_to_487,0.02112769822575037,0.015106993670406734
2064,487,0,431_to_487,0.0038440747566547474,0.0023514138086285067
2065,487,0,431_to_487,0.017182303291462215,0.012049119159994306
2066,487,0,431_to_487,0.15895534675471504,0.1398313239586777
2068,487,0,431_to_487,0.006861401337681732,0.004421988470623679
2069,487,0,431_to_487,0.0328904293647486,0.024538011982391382
2070,487,0,431_to_487,0.003787739667692337,0.0023138910309001702
2071,487,0,431_to_487,0.007058243983438375,0.004560530320166307
2073,487,1,431_to_487,0.31936161874529667,0.3041993504170627
2074,487,0,431_to_487,0.0711117803997718,0.05732902551984358
2075,487,0,431_to_487,0.010219556832330124,0.006829785872738422
2076,487,0,431_to_487,0.006992259194342994,0.004514048437391012
2077,487,0,431_to_487,0.0384999730847344,0.029169479987552267
2078,487,1,431_to_487,0.26555614713520925,0.24770597599709984
2079,487,0,431_to_487,0.05687384804727541,0.04480769542027467
2080,487,0,431_to_487,0.02329162281339326,0.01680914474086974
2081,487,0,431_to_487,0.4883475351286495,0.4862982385091434
2082,487,0,431_to_487,0.006590776463840955,0.004232119922111715
2083,487,0,431_to_487,0.006468145264521051,0.004146318353733073
2084,487,0,431_to_487,0.01483225630380792,0.010259338892809278
2085,487,0,431_to_487,0.007905084502162655,0.005160547144431135
2086,487,0,431_to_487,0.005341290129108708,0.0033652722978980963
2087,487,0,431_to_487,0.004135563622911881,0.0025463491567340557
2088,487,0,431_to_487,0.01564927821691678,0.010878658341073696
2089,487,0,431_to_487,0.056753152988292734,0.04470292983156331
2090,487,0,431_to_487,0.0693091059745786,0.05572675218648168
2091,487,0,431_to_487,0.10310367476752935,0.08646235824764383
2092,487,1,431_to_487,0.02377414866515436,0.01719091934694968
2093,487,0,431_to_487,0.10351100989262253,0.08684098335759712
2094,487,0,431_to_487,0.022500035646532003,0.016184563785234727
2095,487,0,431_to_487,0.013273261628739172,0.00908686003415224
2096,487,0,431_to_487,0.055488329187031504,0.04360652705456247
2097,487,0,431_to_487,0.004977250875629452,0.003116034339567925
2098,487,0,431_to_487,0.20804372895373846,0.18870282716890985
2099,487,0,431_to_487,0.03590368092961453,0.027016409720740556
2100,487,0,431_to_487,0.017295821038895192,0.012136207337213382
2102,487,0,431_to_487,0.011549472891139409,0.007805839491427464
2103,487,0,431_to_487,0.1110148388291037,0.0938469047838646
2104,487,0,431_to_487,0.09596958604881205,0.07986027192882687
2106,487,0,431_to_487,0.20980006489594033,0.19047924389274504
2107,487,0,431_to_487,0.017186959695291222,0.012052690340452907
2108,487,0,431_to_487,0.014686191141402195,0.010148961122606798
2109,487,0,431_to_487,0.006451143217872539,0.0041344343142599915
2110,487,0,431_to_487,0.009316827750048945,0.006173985011072286
2111,487,0,431_to_487,0.024643018431816887,0.017880326774302447
2112,487,0,431_to_487,0.005147250124668589,0.0032322227036956663
2113,487,0,431_to_487,0.04550483059430806,0.03505317979960692
2114,487,0,431_to_487,0.00498530623862337,0.0031215317820876094
2115,487,0,431_to_487,0.00890413899904652,0.005876135043732242
2116,487,0,431_to_487,0.0035708761287480905,0.0021699250904304674
2117,487,1,431_to_487,0.008300137550042603,0.005442554618777145
2118,487,0,431_to_487,0.13152894386846659,0.1132803790289894
2119,487,0,431_to_487,0.02755102779187722,0.020205184269889594
2120,487,0,431_to_487,0.05082996837543743,0.03959256787432679
2121,487,0,431_to_487,0.007038236305158645,0.00454643196744141
2123,487,0,431_to_487,0.010053244475333272,0.0067085397767919505
2124,487,0,431_to_487,0.005053064128112726,0.003167805760386724
2125,487,0,431_to_487,0.011404520134699067,0.0076989132403585524
2126,487,0,431_to_487,0.00545950681881132,0.0034465501364526288
2127,487,0,431_to_487,0.02293067503846729,0.016524080254527992
2128,487,0,431_to_487,0.09338255430075974,0.07748016724412425
2129,487,0,431_to_487,0.008981778169929698,0.005932072388963254
2130,487,0,431_to_487,0.02614896602247532,0.019081003534794527
2131,487,0,431_to_487,0.04315230928007441,0.03306559372493104
2132,487,0,431_to_487,0.0588944634294206,0.046565246160911435
2133,487,0,431_to_487,0.014519609577949495,0.010023209162494148
2134,487,0,431_to_487,0.00661276471077214,0.004247520180179341
2135,487,0,431_to_487,0.06287814143506026,0.05004976718507003
2136,487,0,431_to_487,0.06174026049888673,0.04905188049215956
2137,487,0,431_to_487,0.012861011493636486,0.008778966216357377
2138,487,0,431_to_487,0.03934975847358956,0.02987757828412472
2139,487,0,431_to_487,0.005464817873575518,0.0034502054833701725
2140,487,0,431_to_487,0.0677558193470874,0.054349916756291895
2141,487,0,431_to_487,0.030359284717074275,0.022474218381480636
2142,487,0,431_to_487,0.007406545391815281,0.0048065465859864175
2143,487,1,431_to_487,0.2601228713116015,0.24206439824106754
2144,487,0,431_to_487,0.05920584820148298,0.046836692366282615
2145,487,0,431_to_487,0.1423768922472091,0.12370917052204133
2146,487,0,431_to_487,0.06925078456606894,0.05567499244771047
2147,487,0,431_to_487,0.00825974234780325,0.005413659995110862
2148,487,0,431_to_487,0.01709121097820631,0.011979275922132755
2149,487,0,431_to_487,0.09796688392489566,0.08170298313610538
2152,487,0,431_to_487,0.44633155559402216,0.4406402058710187
2153,487,0,431_to_487,0.27578015922841737,0.25835584229850883
2154,487,0,431_to_487,0.005342089966846857,0.003365821661580193
2156,487,0,431_to_487,0.00491748799260614,0.003075274244289679
2157,487,1,431_to_487,0.12277459406608773,0.1049391313211522
2158,487,0,431_to_487,0.015346969343189906,0.01064912756292478
2159,487,0,431_to_487,0.029818673585997282,0.022035673047755815
2160,487,0,431_to_487,0.027267006738599643,0.019976974561328385
2162,487,0,431_to_487,0.010437587930419899,0.00698901863610384
2163,487,0,431_to_487,0.2259695640732505,0.2069139982706626
2165,487,1,431_to_487,0.3870394832347754,0.37652509202615003
2166,487,0,431_to_487,0.20647110675205918,0.18711372515117722
2167,487,0,431_to_487,0.06550245692704797,0.05235887543708186
2168,487,0,431_to_487,0.004354625951098193,0.0026936798073958403
2169,487,0,431_to_487,0.057089580134328397,0.044995016129115877
2170,487,0,431_to_487,0.0036787931833165972,0.002241470049473141
2171,487,0,431_to_487,0.014660214855290725,0.010129342582281058
2172,487,0,431_to_487,0.031542594361090026,0.023436914680535093
2173,487,0,431_to_487,0.03421252033531571,0.02562263900000257
2174,487,0,431_to_487,0.067571775249736,0.05418701437518309
2175,487,0,431_to_487,0.41701593126261116,0.40887656613316237
2176,487,0,431_to_487,0.014230233406982014,0.009805091863044563
2178,487,0,431_to_487,0.003238886019714106,0.0019510802655717163
2179,487,0,431_to_487,0.09157867469951934,0.07582512451424081
2180,487,0,431_to_487,0.06131579054575685,0.048680156966884165
2181,487,0,431_to_487,0.3671478568232876,0.35515090105760777
2182,487,0,431_to_487,0.12888720107406326,0.11075605150170084
2183,487,0,431_to_487,0.006966005255576618,0.004495565583674697
2184,487,0,431_to_487,0.014864651863694256,0.010283833689004923
2185,487,0,431_to_487,0.012917688416298263,0.008821240610854346
2186,487,0,431_to_487,0.012753171467131412,0.008698579439851063
2187,487,0,431_to_487,0.23995015803090503,0.22123470764165096
2188,487,0,431_to_487,0.00557808614331291,0.0035282399460247406
2189,487,0,431_to_487,0.023200191551522312,0.01673689322096262
2190,487,0,431_to_487,0.0057974625256728115,0.0036797885960398098
2191,487,1,431_to_487,0.15183967629999104,0.1328852920929888
2192,487,0,431_to_487,0.17136747733492125,0.15203686652763768
2193,487,0,431_to_487,0.008731621212862346,0.005752003976288641
2194,487,0,431_to_487,0.0036343480191488803,0.002211981177722953
2195,487,0,431_to_487,0.042469127089482604,0.03249053422762635
2196,487,0,431_to_487,0.021860632738650868,0.015681658744216335
2197,487,0,431_to_487,0.19047664414470408,0.1710349105781837
2198,487,0,431_to_487,0.01593646146542404,0.011097104213799022
2199,487,0,431_to_487,0.0038223273806498115,0.002336922700187219
2200,487,0,431_to_487,0.0038011970288756546,0.0023228499136374475
2203,487,0,431_to_487,0.026192946295461737,0.019116175881467377
2204,487,0,431_to_487,0.003813339615771711,0.0023309359942591946
2205,487,0,431_to_487,0.07560212811157548,0.06134007709190403
2206,487,0,431_to_487,0.03813837753240477,0.028868672477854674
2207,487,0,431_to_487,0.002806850302013975,0.001669346704831815
2208,487,0,431_to_487,0.021871689763219026,0.01569034299665699
2209,487,0,431_to_487,0.005795309665259573,0.003678298766649831
2210,487,0,431_to_487,0.19878939989219485,0.17937228336717037
2211,487,0,431_to_487,0.01437119122489921,0.009911285867375877
2212,487,1,431_to_487,0.1174015126769017,0.09985451655688211
2213,487,0,431_to_487,0.09408152099814864,0.07812247314367196
2214,487,1,431_to_487,0.4825428916457295,0.4799847716222066
2215,487,0,431_to_487,0.011219622378894038,0.007562708738634466
2216,487,0,431_to_487,0.04339242011341163,0.033267935871798514
2217,487,0,431_to_487,0.006167946520171177,0.0039369173995408135
2218,487,0,431_to_487,0.17294671692611674,0.1535976515706756
2219,487,1,431_to_487,0.23829714946300382,0.21953638492926356
2220,487,1,431_to_487,0.6640013383153918,0.6763400695159605
2221,487,0,431_to_487,0.005625766230020926,0.003561132196475377
2222,487,0,431_to_487,0.03359437433284786,0.02511496660203116
2223,487,0,431_to_487,0.2885684828187366,0.2717360614643763
2224,487,0,431_to_487,0.006300583552068534,0.004029323712796692
2225,487,0,431_to_487,0.011190175715056556,0.007541036520207157
2226,487,0,431_to_487,0.006771068508474849,0.004358533041097178
2227,487,0,431_to_487,0.005858651771057056,0.003722154216506468
2228,487,0,431_to_487,0.007263196053042773,0.0047051612707465825
2229,487,0,431_to_487,0.09724284320693113,0.0810344665652853
2230,487,0,431_to_487,0.17852756418737442,0.1591269487259016
2231,487,0,431_to_487,0.028566774431435515,0.02102328188889691
2232,487,0,431_to_487,0.12599729152446587,0.10800170849397196
2233,487,0,431_to_487,0.004228578951237035,0.002608821973611791
2234,487,0,431_to_487,0.014295633654474543,0.009854350169329206
2235,487,0,431_to_487,0.057750325048146346,0.04556922863613317
2236,487,0,431_to_487,0.01555182701651791,0.010804620209624784
2237,487,0,431_to_487,0.008219589212566722,0.005384951610929885
2238,487,0,431_to_487,0.004211076184421524,0.0025970567646202074
2239,487,0,431_to_487,0.07469605155871337,0.06052847153926317
2240,487,0,431_to_487,0.01030032467744669,0.0068887352549540535
2241,487,0,431_to_487,0.011028723521613907,0.007422307199334233
2242,487,0,431_to_487,0.03724924914434564,0.02813029904992652
2243,487,0,431_to_487,0.027322379334647928,0.02002144728634807
2244,487,0,431_to_487,0.002682998504712485,0.0015892772176317469
2245,487,0,431_to_487,0.013266168533675144,0.009081554628320491
2246,487,1,431_to_487,0.22311232150240615,0.20399960200745942
2247,487,0,431_to_487,0.09785666192413175,0.08160117606398798
2248,487,1,431_to_487,0.06002478826592249,0.04755134957113514
2250,487,0,431_to_487,0.034358492944261285,0.02574266388717667
2251,487,1,431_to_487,0.11180105653891809,0.09458428341722684
2252,487,0,431_to_487,0.0034387621657273383,0.002082605757778866
2253,487,0,431_to_487,0.37935156527015684,0.368254335806453
2254,487,0,431_to_487,0.015048779848110963,0.010423153628447313
2255,487,0,431_to_487,0.12392283997958484,0.10602923337693036
2256,487,0,431_to_487,0.038269880618634615,0.028978033835745085
2257,487,0,431_to_487,0.05519619122761023,0.04335367873817649
2258,487,0,431_to_487,0.0860609714259096,0.07078655668199094
2260,487,0,431_to_487,0.008994360098890293,0.005941141681515962
2261,487,0,431_to_487,0.009515987352718263,0.006318172358324063
2262,487,0,431_to_487,0.0049888696417913735,0.0031239639128401507
2263,487,0,431_to_487,0.0051617569207586525,0.003242154044190526
2264,487,0,431_to_487,0.011248677539475964,0.007584098116093525
2266,487,0,431_to_487,0.010217001782455984,0.00682792175562763
2267,487,0,431_to_487,0.0815929652324536,0.06673382967853148
2268,487,1,431_to_487,0.12922814840197824,0.1110814980013724
2269,487,0,431_to_487,0.00553356397387504,0.0034975495264302835
2270,487,0,431_to_487,0.004565686005042395,0.0028362700684464
2271,487,0,431_to_487,0.020048217296821297,0.014264236736990088
2272,487,0,431_to_487,0.01913978201552877,0.013558481729863141
2273,487,0,431_to_487,0.07265889769936665,0.05870783760147497
2274,487,0,431_to_487,0.025241690102892282,0.018356777923697828
2275,487,0,431_to_487,0.008998573401549626,0.005944178976115207
2276,487,0,431_to_487,0.16358646522814801,0.1443723717499775
2277,487,0,431_to_487,0.009214041618856887,0.006099682991711302
2278,487,0,431_to_487,0.0460353002751386,0.03550290862541009
2279,487,0,431_to_487,0.02439337417209409,0.017681991227641494
2280,487,0,431_to_487,0.005970975150544627,0.0038000294860069863
2281,487,0,431_to_487,0.018653123348997255,0.013181749256734406
2282,487,0,431_to_487,0.02580299415687623,0.018804529269978255
2284,487,0,431_to_487,0.011808942908644315,0.007997559165653693
2285,487,0,431_to_487,0.02047918307074096,0.014600167480437697
2286,487,0,431_to_487,0.2164983967077797,0.19727011768949548
2287,487,0,431_to_487,0.08231201039417473,0.06738434740311422
2288,487,0,431_to_487,0.02363598306754597,0.017081522463155776
2289,487,0,431_to_487,0.010369177171999689,0.006939022612587426
2290,487,0,431_to_487,0.1298899596400242,0.11171351526680888
2291,487,0,431_to_487,0.028637833391176946,0.021080626402441578
2292,487,0,431_to_487,0.14134612176217473,0.12271398278584648
2293,487,0,431_to_487,0.07494752187811816,0.060753610419156646
2294,487,0,431_to_487,0.0029835885192539134,0.0017841571515761349
2295,487,0,431_to_487,0.007597191513826659,0.004941665597234729
2296,487,0,431_to_487,0.003676775965210093,0.0022401309439916786
2297,487,0,431_to_487,0.05067786599421649,0.039462164288255004
2298,487,0,431_to_487,0.019698128865281442,0.013991873799465962
2299,487,0,431_to_487,0.06493444939973521,0.05185819635273034
2300,487,0,431_to_487,0.006563738302927117,0.004213189295132415
2301,487,0,431_to_487,0.005305089827581965,0.0033404162643065546
2302,487,0,431_to_487,0.0199717326889819,0.014204692517748701
2303,487,0,431_to_487,0.017420711911398955,0.012232085337934519
2304,487,0,431_to_487,0.6109019920560516,0.6193264354244703
2305,487,0,431_to_487,0.006966178482321979,0.00449568751468431
2307,487,0,431_to_487,0.004987851706201689,0.0031232691246797692
2308,487,0,431_to_487,0.04937456717276066,0.038346551669934545
2310,487,0,431_to_487,0.021432685245440307,0.0153458846637201
2311,487,0,431_to_487,0.045744586511784285,0.0352563738223081
2312,487,0,431_to_487,0.009575075172231991,0.00636100563177266
2314,487,0,431_to_487,0.008010821993123422,0.005235901258738778
2317,487,0,431_to_487,0.004112739053773526,0.0025310387020896054
2318,487,0,431_to_487,0.0045119976160251755,0.002799940457599471
2319,487,0,431_to_487,0.09730010506418593,0.08108731595456063
2320,487,0,431_to_487,0.12801956127772626,0.10992832545946181
2321,487,0,431_to_487,0.217614168578262,0.1984037218013823
2322,487,0,431_to_487,0.006825660020000726,0.004396872218288504
2324,487,0,431_to_487,0.01040127330263676,0.006962475267422794
2326,487,0,431_to_487,0.06397914696689563,0.0510172404596364
2327,487,0,431_to_487,0.14150525441080083,0.12286756506837665
2328,487,0,431_to_487,0.009647827663293973,0.006413778738104165
2329,487,0,431_to_487,0.028318350196675425,0.020822918607894543
2330,487,0,431_to_487,0.007713004585419709,0.005023902042945362
2331,487,0,431_to_487,0.005880189643833973,0.003737076125449576
2332,487,1,431_to_487,0.5065232963811221,0.5060719895072303
2333,487,1,431_to_487,0.5885149650588538,0.5951287689689536
2334,487,0,431_to_487,0.006632550327586725,0.0042613818000353755
2335,487,0,431_to_487,0.06733830932334696,0.053980439441578584
2336,487,0,431_to_487,0.025330440342708354,0.018427507404327827
2337,487,0,431_to_487,0.035685793034129054,0.026836444881682384
2338,487,0,431_to_487,0.01260588410153773,0.008588892815221934
2340,487,0,431_to_487,0.005110574165888586,0.0032071258343502906
2341,487,0,431_to_487,0.0038610247402123886,0.002362713401616171
2342,487,0,431_to_487,0.006327213863514662,0.004047898460894564
2343,487,0,431_to_487,0.006726134989615113,0.004326998067095276
2344,487,0,431_to_487,0.05814883891216025,0.0459159046472125
2345,487,0,431_to_487,0.22248245077946574,0.20335771291321356
2346,487,0,431_to_487,0.13039928215562419,0.11220017262440833
2347,487,0,431_to_487,0.012243597918634707,0.008319618189335581
2349,487,0,431_to_487,0.03126408605535371,0.023209990149021344
2350,487,1,431_to_487,0.05028580998221067,0.039126235535107155
2351,487,0,431_to_487,0.007412469472448802,0.004810740405960587
2352,487,0,431_to_487,0.07116621581945715,0.05737748170613098
2353,487,0,431_to_487,0.15077165522743313,0.13184608007770787
2354,487,0,431_to_487,0.010843965705344408,0.007286641731785593
2355,487,1,431_to_487,0.3503999763702517,0.33722429305858237
2356,487,0,431_to_487,0.03914055681043822,0.02970310600214614
2357,487,0,431_to_487,0.1840019117234095,0.16457096719727016
2358,487,0,431_to_487,0.023273245309553138,0.016794620039346536
2359,487,0,431_to_487,0.008678605903230592,0.005713904032064504
2360,487,0,431_to_487,0.005630547181520362,0.0035644317685687237
2361,487,0,431_to_487,0.020564737287714914,0.014666939485791702
2362,487,0,431_to_487,0.3231349838217808,0.3081991121858248
2363,487,0,431_to_487,0.01982631080899575,0.014091542079603113
2364,487,0,431_to_487,0.004527792363133999,0.0028106242961441624
2366,487,0,431_to_487,0.011464639510684401,0.007743245465030311
2367,487,0,431_to_487,0.026569613668770333,0.019417652620662938
2368,487,0,431_to_487,0.047415290119193244,0.03667546047966162
2369,487,0,431_to_487,0.011202830040225575,0.007550349214281969
2370,487,0,431_to_487,0.00501547157677916,0.0031421255626321453
2371,487,0,431_to_487,0.033343638150439836,0.024909317329765916
2372,487,0,431_to_487,0.015226110408272753,0.010557486495438336
2373,487,0,431_to_487,0.009688525657672732,0.006443316571987872
2374,487,0,431_to_487,0.018368852845355985,0.012962135384278605
2375,487,0,431_to_487,0.009337994350423215,0.006189295521008418
2376,487,0,431_to_487,0.008242211734432918,0.005401124481841368
2377,487,0,431_to_487,0.018422247825163527,0.013003360466564761
2378,487,0,431_to_487,0.008628752576251675,0.005678096366799795
2379,487,0,431_to_487,0.03526909172320851,0.02649259053333229
2380,487,0,431_to_487,0.004486183499784086,0.0027824867013560577
2381,487,0,431_to_487,0.010880212377249877,0.007313240060207868
2382,487,0,431_to_487,0.08834975683185323,0.07287216216174967
2383,487,1,431_to_487,0.4084382842864397,0.39960415779198366
2384,487,1,431_to_487,0.33338165589642194,0.31908243672912734
2385,487,0,431_to_487,0.020481881141541106,0.014602272806191785
2386,487,1,431_to_487,0.05096943051400811,0.03971217185969579
2387,487,0,431_to_487,0.24027388066178826,0.221567460818535
2388,487,0,431_to_487,0.15667962577603015,0.1376056855420362
2389,487,0,431_to_487,0.06314062632919555,0.050280246441853346
2390,487,0,431_to_487,0.1548329065818316,0.1358024742479243
2391,487,0,431_to_487,0.037016602983384925,0.027937403110261813
2392,487,0,431_to_487,0.1548468016188383,0.1358160322600568
2393,487,0,431_to_487,0.031642349239179884,0.023518243962856695
2394,487,0,431_to_487,0.08667944253014198,0.07134949661180817
2395,487,0,431_to_487,0.0047172695245109465,0.002939052361986708
2398,487,0,431_to_487,0.024649418741055504,0.017885414317482064
2399,487,1,431_to_487,0.2491904348127487,0.23075250466198538
2400,487,0,431_to_487,0.014437476842468105,0.009961258579283818
2401,487,0,431_to_487,0.0368259640128949,0.027779431891175377
2402,487,0,431_to_487,0.033003995684118936,0.02463100511613897
2403,487,1,431_to_487,0.27903376481155484,0.26175394451432776
2405,487,0,431_to_487,0.014422279496629734,0.009949799342634872
2406,487,0,431_to_487,0.00799864949282918,0.005227221740651579
2407,487,0,431_to_487,0.008081125402309701,0.005286054665590372
2408,487,1,431_to_487,0.2842092938539891,0.26716796151685585
2410,487,0,431_to_487,0.08425897297364245,0.06914904112744123
2411,487,0,431_to_487,0.21353487366839277,0.19426256185006696
2412,487,0,431_to_487,0.005891875946666617,0.003745174760521408
2413,487,0,431_to_487,0.46654108230692476,0.4625877896269711
2414,487,1,431_to_487,0.16928028697575132,0.14997672749752033
2415,487,1,431_to_487,0.24117277609894439,0.22249169889804124
2416,487,0,431_to_487,0.014989906100352817,0.010378588920753159
2417,487,1,431_to_487,0.25475622763028655,0.2365047343739286
2418,487,0,431_to_487,0.02246114052497277,0.016153930657074683
2419,487,0,431_to_487,0.03983066301256657,0.030279019917150436
2420,487,0,431_to_487,0.028650758873742365,0.021091058820573782
2421,487,0,431_to_487,0.02275948880502351,0.01638903977001583
2422,487,1,431_to_487,0.2254453986791154,0.20637902608630435
2423,487,0,431_to_487,0.02289568739241331,0.01649647196975214
2424,487,0,431_to_487,0.008214576220585745,0.005381368378986466
2425,487,0,431_to_487,0.09912061700748037,0.08276944077203999
2426,487,0,431_to_487,0.014163638200919109,0.009754955973086383
2427,487,0,431_to_487,0.008688012997982473,0.0057206629399981605
2428,487,0,431_to_487,0.17492094681491135,0.15555122592503867
2429,487,0,431_to_487,0.03674396771996709,0.027711512815311718
2430,487,0,431_to_487,0.019539972983928667,0.013868987570304083
2431,487,0,431_to_487,0.0809735508037255,0.06617397735926768
2432,487,0,431_to_487,0.004625457001214524,0.002876761546321898
2433,487,0,431_to_487,0.06078805265349322,0.048218398227744326
2434,487,1,431_to_487,0.07708479303762177,0.06267054998116912
2435,487,0,431_to_487,0.04091873374043518,0.03118919138235963
2437,487,0,431_to_487,0.018553257141018506,0.013104559592656361
2438,487,0,431_to_487,0.025360876201025614,0.018451769027581267
2439,487,0,431_to_487,0.051999603814886594,0.040596758555106666
2440,487,0,431_to_487,0.021172956383391367,0.015142422033105899
2441,487,0,431_to_487,0.013309067532385315,0.009113645846111877
2442,487,0,431_to_487,0.2599589145449683,0.2418943553620135
2443,487,1,431_to_487,0.07505571461111966,0.06085050086716627
2445,487,0,431_to_487,0.004584765022943506,0.002849189794592161
2446,487,0,431_to_487,0.012464417347939996,0.008483656269557226
2447,487,0,431_to_487,0.02014396019362523,0.01433880547366151
2448,487,0,431_to_487,0.0074785927389810665,0.0048575720024240905
2449,487,0,431_to_487,0.022009494976287545,0.01579861271274263
2450,487,0,431_to_487,0.07406073973555502,0.05996006914731293
2451,487,0,431_to_487,0.004453471394562777,0.0027603821674204838
2452,487,0,431_to_487,0.03216670057302728,0.023946177315119506
2453,487,0,431_to_487,0.030267803776969457,0.022399951915440128
2454,487,0,431_to_487,0.08603356756483706,0.07076162419301336
2455,487,0,431_to_487,0.011103211440441393,0.007477064040478825
2456,487,0,431_to_487,0.03925050574924621,0.029794790149082675
2457,487,0,431_to_487,0.05369256024294715,0.04205461478855838
2458,487,0,431_to_487,0.12348219027982354,0.10561075303214205
2459,487,0,431_to_487,0.005544092812142647,0.00350480531632278
2460,487,0,431_to_487,0.20466057823969547,0.18528599483723623
2461,487,0,431_to_487,0.2162551703969583,0.19702309477526728
2462,487,0,431_to_487,0.011980624988129244,0.008124634689967658
2464,487,0,431_to_487,0.0550267457078453,0.043207089414759134
2465,487,0,431_to_487,0.008342404666654766,0.005472802300000473
2466,487,0,431_to_487,0.01884633256450376,0.013331201958441315
2467,487,0,431_to_487,0.004850386540227349,0.003029563074252893
2468,487,0,431_to_487,0.009313185357523873,0.006171350676446444
2469,487,0,431_to_487,0.3100693859964874,0.2943689767090337
2470,487,0,431_to_487,0.021685416073410405,0.015544101145240321
2471,487,0,431_to_487,0.22764732793318268,0.2086273176795218
2472,487,0,431_to_487,0.03842402117161495,0.029106271565375826
2473,487,1,431_to_487,0.25898571213007227,0.24088527103508728
2474,487,0,431_to_487,0.07202678791064594,0.058144085362183406
2475,487,0,431_to_487,0.02028081178851984,0.014445452390894217
2476,487,1,431_to_487,0.12783062669183082,0.10974817161155792
2477,487,0,431_to_487,0.14069832295132365,0.12208899407991346
2478,487,0,431_to_487,0.011813571146719878,0.008000982593368856
2479,487,0,431_to_487,0.005663496062238606,0.003587178427004729
2480,487,0,431_to_487,0.041043795239065484,0.031293971458667726
2481,487,0,431_to_487,0.008199582124426785,0.005370651982973515
2482,487,0,431_to_487,0.26806030979149004,0.2503104080797071
2483,487,0,431_to_487,0.008484808749041842,0.0055748163163638065
2484,487,0,431_to_487,0.009757543927003058,0.006493435439384373
2485,487,0,431_to_487,0.05426329136673132,0.042547233890019166
2486,487,0,431_to_487,0.008264043981199886,0.00541673631922411
2487,487,0,431_to_487,0.09497059442176246,0.07894028288456394
2488,487,0,431_to_487,0.015422766595827569,0.010706636447938627
2489,487,0,431_to_487,0.002553400317344771,0.0015058489875183691
2490,487,0,431_to_487,0.0841013542747712,0.0690060012068102
2491,487,0,431_to_487,0.1482133872134057,0.1293604459741607
2492,487,0,431_to_487,0.04803456677488648,0.0372028548859338
2493,487,0,431_to_487,0.05923858588602572,0.046865240301853225
2494,487,0,431_to_487,0.018978241205756842,0.013433323787952381
2495,487,0,431_to_487,0.1882145218957746,0.1687735205350493
2496,487,0,431_to_487,0.01644383377188636,0.011483969826156817
2497,487,0,431_to_487,0.005047455502384406,0.0031639732853598725
2498,487,0,431_to_487,0.005081573914918888,0.003187293031652847
2499,487,0,431_to_487,0.024853961825579942,0.01804807361945488
2500,487,0,431_to_487,0.012754522755550533,0.008699586323932956
1,543,0,431_487_to_543,0.010160358718934368,0.00678660735736548
2,543,0,431_487_to_543,0.03535904320353664,0.026566781067359768
3,543,0,431_487_to_543,0.05308323587628658,0.041529318453108074
4,543,0,431_487_to_543,0.4182381395153291,0.41019865449739396
5,543,0,431_487_to_543,0.10433298006388274,0.08760555516081482
6,543,0,431_487_to_543,0.003466088862009764,0.002100642485938333
7,543,0,431_487_to_543,0.015403016795219078,0.010691649234122583
8,543,0,431_487_to_543,0.00921961121971434,0.006103707154954992
9,543,1,431_487_to_543,0.14368105216902416,0.12496955656328425
12,543,1,431_487_to_543,0.49864529995212326,0.4975008357107641
13,543,0,431_487_to_543,0.0034614883504391534,0.002097605056466107
14,543,0,431_487_to_543,0.02190400508560632,0.015715726151719983
15,543,0,431_487_to_543,0.07654561019184694,0.06218637093165925
16,543,0,431_487_to_543,0.08070408623378106,0.06593057800882743
17,543,0,431_487_to_543,0.02395842510046783,0.017336925335658605
18,543,0,431_487_to_543,0.004050029721970239,0.002489013952976239
19,543,0,431_487_to_543,0.00217255461747691,0.0012629528988634068
20,543,0,431_487_to_543,0.005503875763300482,0.00347709718627656
21,543,0,431_487_to_543,0.05558081040933967,0.04368660107691448
22,543,0,431_487_to_543,0.005632376381110077,0.0035656942582461574
23,543,0,431_487_to_543,0.012558217458082275,0.00855342110594
25,543,0,431_487_to_543,0.006215690673179757,0.003970159130886021
26,543,0,431_487_to_543,0.04969319166675622,0.0386189989070164
27,543,0,431_487_to_543,0.005054307150726337,0.003168655192931682
28,543,0,431_487_to_543,0.03164410316144298,0.023519674157681036
29,543,0,431_487_to_543,0.15576766203462902,0.13671488435519574
30,543,0,431_487_to_543,0.08077978286508741,0.06599894308438525
31,543,0,431_487_to_543,0.013335906613127285,0.009133728263885286
32,543,0,431_487_to_543,0.021084132062009618,0.015072896940184821
33,543,0,431_487_to_543,0.4408926739694462,0.43473970086477565
34,543,0,431_487_to_543,0.2645761764490976,0.2466874930139724
35,543,0,431_487_to_543,0.12049978258593945,0.1027831266200273
36,543,0,431_487_to_543,0.0032342277459196764,0.0019480235428336417
37,543,0,431_487_to_543,0.06216892203572952,0.04942756432466803
38,543,0,431_487_to_543,0.13665430932058636,0.1181952806512362
39,543,0,431_487_to_543,0.013027462232848275,0.008903169632829755
40,543,0,431_487_to_543,0.00474847615393085,0.0029602500709689154
41,543,0,431_487_to_543,0.004931943655851593,0.003085129305749989
42,543,0,431_487_to_543,0.01660649597014227,0.0116082460410823
43,543,0,431_487_to_543,0.024728769094544027,0.017948500191968007
44,543,1,431_487_to_543,0.03656764394421343,0.02756551445483573
45,543,0,431_487_to_543,0.2580101846312346,0.2398741958589099
46,543,0,431_487_to_543,0.003539452497257066,0.002149128996729672
47,543,0,431_487_to_543,0.004373502390087661,0.0027064073313209933
48,543,0,431_487_to_543,0.012546235948946764,0.008544506945050219
49,543,0,431_487_to_543,0.00167040007872367,0.0009486226134899396
51,543,0,431_487_to_543,0.02277027035069786,0.016397541813599443
52,543,0,431_487_to_543,0.007201722143830691,0.0046617399483746885
53,543,0,431_487_to_543,0.022283101412097234,0.01601377793427224
54,543,1,431_487_to_543,0.3437357033113736,0.3301106508219768
55,543,0,431_487_to_543,0.006284407586626835,0.004018044451359007
56,543,0,431_487_to_543,0.001844054833157514,0.0010564791954115263
57,543,0,431_487_to_543,0.03595049439190814,0.027055090325984122
58,543,0,431_487_to_543,0.002651454487415569,0.001568936775612516
59,543,0,431_487_to_543,0.059928944015541157,0.047467653714115994
62,543,0,431_487_to_543,0.0834308836885328,0.06839789237396225
63,543,0,431_487_to_543,0.22127819290616432,0.20213106587902463
64,543,0,431_487_to_543,0.006099897746012199,0.003889579713034725
65,543,0,431_487_to_543,0.015001662825969283,0.010387486866823448
67,543,0,431_487_to_543,0.0025909939295815803,0.0015300112749715906
68,543,0,431_487_to_543,0.0617752507572733,0.04908253546458327
69,543,0,431_487_to_543,0.00403415625221288,0.0024783856803409668
70,543,0,431_487_to_543,0.18512127989227659,0.16568654915021921
71,543,0,431_487_to_543,0.021558014611633307,0.015444151395694586
72,543,0,431_487_to_543,0.00795687227810708,0.005197442170277591
73,543,1,431_487_to_543,0.12187677727252898,0.10408762802852944
74,543,0,431_487_to_543,0.07229876088048293,0.05838657796626812
75,543,0,431_487_to_543,0.02594297119784628,0.01891634325586034
76,543,0,431_487_to_543,0.2444143658079786,0.22582791647285574
77,543,0,431_487_to_543,0.009781943425311326,0.006511161587016373
78,543,0,431_487_to_543,0.003796518493747321,0.0023197349751279653
79,543,0,431_487_to_543,0.0038277808161837775,0.0023405558306164695
80,543,0,431_487_to_543,0.014021897515722852,0.009648322943504047
81,543,0,431_487_to_543,0.007744844968348736,0.005046531479082303
82,543,0,431_487_to_543,0.17247443928177716,0.15313071208592946
83,543,0,431_487_to_543,0.08543395081333544,0.07021631399482248
84,543,0,431_487_to_543,0.05883843313872069,0.04651641926369421
85,543,0,431_487_to_543,0.011732201056428897,0.007940813216703552
86,543,0,431_487_to_543,0.09171663805730683,0.07595157097467051
87,543,0,431_487_to_543,0.03877860173406884,0.029401471881295233
88,543,0,431_487_to_543,0.0008806817691205334,0.0004725719511302156
89,543,1,431_487_to_543,0.22310929838791557,0.20399652070614235
91,543,0,431_487_to_543,0.0024337216145622342,0.0014291439365600508
92,543,0,431_487_to_543,0.05679106390032662,0.04473583456920586
93,543,0,431_487_to_543,0.0077149087250257325,0.005025255099045217
94,543,0,431_487_to_543,0.0826945985646098,0.06773074152021612
95,543,0,431_487_to_543,0.00490191316054782,0.0030646591648376387
97,543,0,431_487_to_543,0.003408115580401339,0.0020623932209535103
98,543,0,431_487_to_543,0.02271808205957074,0.01635639124778208
99,543,0,431_487_to_543,0.002917067827440946,0.0017408707261331233
100,543,0,431_487_to_543,0.22426992092458115,0.20517983813843618
101,543,0,431_487_to_543,0.009367763391025671,0.006210833986842599
103,543,0,431_487_to_543,0.13226691661198317,0.11398664804979121
104,543,0,431_487_to_543,0.008835838794474892,0.005826964035407886
105,543,0,431_487_to_543,0.01097949914588661,0.007386141097992817
106,543,0,431_487_to_543,0.0793277695805909,0.06468885745585817
108,543,0,431_487_to_543,0.05217855846969256,0.040750619255054056
109,543,0,431_487_to_543,0.003927613645964125,0.002407147951385635
110,543,0,431_487_to_543,0.0057736737591737655,0.003663329050125593
111,543,0,431_487_to_543,0.16323082766595615,0.1440230946212953
112,543,0,431_487_to_543,0.010884463071495484,0.007316359831874978
113,543,0,431_487_to_543,0.00206325185022679,0.001193918501872976
114,543,0,431_487_to_543,0.025203691438264543,0.018326502576530356
115,543,0,431_487_to_543,0.0027559856909214124,0.001636423644970265
116,543,0,431_487_to_543,0.02104934525887098,0.015045676339990533
117,543,0,431_487_to_543,0.003947490350513211,0.0024204249442792295
118,543,0,431_487_to_543,0.009086117633332759,0.006007318177448428
119,543,0,431_487_to_543,0.015339254335853626,0.010643275575585705
120,543,1,431_487_to_543,0.46135613715544227,0.45695393469252293
121,543,0,431_487_to_543,0.011939485203498601,0.008094167954981557
122,543,0,431_487_to_543,0.016762734086947985,0.011727726038692371
123,543,0,431_487_to_543,0.003932725389759118,0.0024105618476797106
124,543,0,431_487_to_543,0.05740441382681172,0.04526852741938153
125,543,0,431_487_to_543,0.0023163391110572196,0.0013542394736821466
126,543,0,431_487_to_543,0.09067021753567962,0.07499306046258063
127,543,0,431_487_to_543,0.002535748528518304,0.0014945147906541205
128,543,0,431_487_to_543,0.20833384027659063,0.188996133900898
129,543,0,431_487_to_543,0.04448686108467599,0.03419173523785761
131,543,0,431_487_to_543,0.009932270513942036,0.006620465324877449
132,543,0,431_487_to_543,0.008991031983550713,0.005938742597059584
133,543,0,431_487_to_543,0.008836592561873913,0.0058275064971710306
134,543,0,431_487_to_543,0.009303135540920842,0.006164082720281992
135,543,0,431_487_to_543,0.011049502851576536,0.0074375787790622065
136,543,0,431_487_to_543,0.009339507930932313,0.0061903904695594985
137,543,1,431_487_to_543,0.21684269742805393,0.19761984825728676
138,543,0,431_487_to_543,0.012175815596880794,0.008269321811370087
139,543,0,431_487_to_543,0.009697833020360709,0.006450073324410749
140,543,0,431_487_to_543,0.03241638479389956,0.024150204106716897
141,543,0,431_487_to_543,0.03312240202348399,0.02472799685070565
142,543,0,431_487_to_543,0.003957233412839691,0.002426935216558529
143,543,0,431_487_to_543,0.037016773879612,0.027937544760264433
144,543,0,431_487_to_543,0.02168631830360229,0.015544809177342599
145,543,0,431_487_to_543,0.08830319253269588,0.07282966826928541
146,543,1,431_487_to_543,0.09896581949676833,0.08262626781282296
147,543,0,431_487_to_543,0.13857970231629047,0.12004740557760765
148,543,0,431_487_to_543,0.047297874649800384,0.036575549684734615
149,543,0,431_487_to_543,0.00518521053495549,0.003258215781916749
151,543,0,431_487_to_543,0.6515878716659387,0.6630687882293023
152,543,0,431_487_to_543,0.09072657445580805,0.07504465005505809
153,543,0,431_487_to_543,0.021300079813522166,0.015241975292543924
154,543,0,431_487_to_543,0.30103649943009364,0.28484057813200386
155,543,0,431_487_to_543,0.028816074063380652,0.021224530456418093
156,543,0,431_487_to_543,0.01435249514642056,0.009897194916671499
157,543,0,431_487_to_543,0.009574247632795877,0.006360405568999143
158,543,0,431_487_to_543,0.002547361993419081,0.001501970989148334
159,543,0,431_487_to_543,0.019462878020453794,0.013809120793273889
160,543,0,431_487_to_543,0.05703528918839492,0.0449478677857442
161,543,0,431_487_to_543,0.005549691256111511,0.0035086639155719112
162,543,0,431_487_to_543,0.04387741721262331,0.03367700945457864
164,543,0,431_487_to_543,0.009739703582759683,0.006480477137662915
165,543,0,431_487_to_543,0.0034832857878133857,0.0021119997714139417
166,543,0,431_487_to_543,0.011250655733561231,0.007585554583402553
167,543,0,431_487_to_543,0.09709581075862414,0.08089878086390159
168,543,0,431_487_to_543,0.11283991297199295,0.09555955393098511
169,543,0,431_487_to_543,0.3517519547641253,0.33866885072779057
170,543,0,431_487_to_543,0.022997184839961323,0.016576573883948013
171,543,0,431_487_to_543,0.3440653248848013,0.3304622210039071
172,543,0,431_487_to_543,0.008756515409663495,0.005769901912856525
174,543,1,431_487_to_543,0.11689287678404109,0.09937460959267494
175,543,0,431_487_to_543,0.011664886135520813,0.007891067012874708
176,543,0,431_487_to_543,0.22356665105569784,0.20446273131213108
177,543,0,431_487_to_543,0.005813688411884641,0.0036910189240667722
178,543,0,431_487_to_543,0.013443755363250012,0.009214465475542347
179,543,1,431_487_to_543,0.15646962071203768,0.13740049807782112
180,543,0,431_487_to_543,0.05225109209097169,0.0408129982819554
181,543,0,431_487_to_543,0.11957035263197305,0.10190363487662911
182,543,0,431_487_to_543,0.04513734058109877,0.03474195437941529
183,543,0,431_487_to_543,0.008601515741554487,0.005658541408791025
184,543,0,431_487_to_543,0.0038506067354059413,0.002355767773222466
185,543,0,431_487_to_543,0.025452746803700074,0.018525020553702812
187,543,1,431_487_to_543,0.05016801665707485,0.03902536127032685
189,543,0,431_487_to_543,0.02000366703143339,0.014229551060643431
190,543,0,431_487_to_543,0.18889531493929929,0.16945375302209725
191,543,0,431_487_to_543,0.10786110223457313,0.09089535501241389
192,543,0,431_487_to_543,0.006583222285999747,0.004226830179156352
193,543,0,431_487_to_543,0.013286382803676767,0.0090966749664114
194,543,0,431_487_to_543,0.055997855136451107,0.04404787759173251
195,543,0,431_487_to_543,0.02633532967025093,0.019230085194539923
196,543,0,431_487_to_543,0.0027982521603201827,0.0016637775916215412
197,543,0,431_487_to_543,0.07833936395149235,0.06379863740344481
198,543,0,431_487_to_543,0.0048548045775199606,0.0030325709793274907
199,543,0,431_487_to_543,0.11637766846668815,0.0988887557572222
200,543,0,431_487_to_543,0.033942729525547444,0.025400946093342962
201,543,0,431_487_to_543,0.03075002599102489,0.022791690351654098
202,543,0,431_487_to_543,0.2841751895411277,0.26713225149091446
203,543,0,431_487_to_543,0.05813834159675003,0.0459067694173511
204,543,0,431_487_to_543,0.04477854689153819,0.034438356518646816
205,543,0,431_487_to_543,0.007324610732300282,0.004748574876960995
207,543,0,431_487_to_543,0.20460331991338596,0.18522822360529181
208,543,0,431_487_to_543,0.006211453801201716,0.003967208264765753
209,543,0,431_487_to_543,0.005784249740072939,0.0036706458455107466
210,543,0,431_487_to_543,0.0073139353253797515,0.004741026068685202
211,543,0,431_487_to_543,0.007378911351695145,0.0047869878130472835
212,543,0,431_487_to_543,0.011611700444767172,0.007851781734525264
214,543,0,431_487_to_543,0.003969547339116945,0.0024351654149132465
215,543,0,431_487_to_543,0.006693183003796597,0.004303884294388073
216,543,0,431_487_to_543,0.00632060556153592,0.004043288468922402
217,543,0,431_487_to_543,0.044721245685062916,0.034389894514622966
218,543,0,431_487_to_543,0.009548948862719486,0.006342063364132065
219,543,0,431_487_to_543,0.004483765688101389,0.002780852409736322
220,543,0,431_487_to_543,0.013753006404088315,0.009446319353982689
221,543,0,431_487_to_543,0.003680467367319983,0.002242581486602317
222,543,0,431_487_to_543,0.009152473713935102,0.006055214040372304
223,543,0,431_487_to_543,0.01957042717653344,0.013892642689440252
224,543,0,431_487_to_543,0.07447097074750635,0.0603270323061749
225,543,0,431_487_to_543,0.08479045815923902,0.06963159527092404
227,543,0,431_487_to_543,0.0050007370070279805,0.0031320648966644583
228,543,0,431_487_to_543,0.008262941003070467,0.005415947507322358
229,543,0,431_487_to_543,0.010080833736305238,0.0067286400525473295
230,543,0,431_487_to_543,0.005118302034289991,0.0032124125423556374
232,543,0,431_487_to_543,0.002672427670215868,0.001582458441826064
234,543,1,431_487_to_543,0.13839999252892082,0.11987440236165592
235,543,0,431_487_to_543,0.003249211905301662,0.001957857448552216
236,543,0,431_487_to_543,0.059217535595073666,0.04684688381319442
237,543,1,431_487_to_543,0.6946416636650242,0.7089142922867214
238,543,0,431_487_to_543,0.6425414893048794,0.6533734202571201
239,543,0,431_487_to_543,0.002154917389750229,0.0012517919034590941
242,543,0,431_487_to_543,0.008584157799046501,0.005646082124953951
243,543,0,431_487_to_543,0.0031924479392582993,0.0019206258327323833
244,543,0,431_487_to_543,0.021942552289365393,0.01574600923380234
245,543,0,431_487_to_543,0.049960682765632876,0.03884787010860452
246,543,0,431_487_to_543,0.07244789057141678,0.05851958689929701
247,543,0,431_487_to_543,0.0460256998424414,0.03549476445973305
248,543,0,431_487_to_543,0.01811131304706346,0.012763460543533382
249,543,0,431_487_to_543,0.009196686055884935,0.006087144669727107
250,543,0,431_487_to_543,0.0034415443278494194,0.0020844415054220326
251,543,0,431_487_to_543,0.03177170749852171,0.023623748083905615
253,543,0,431_487_to_543,0.002029822746637439,0.001172869707115551
254,543,0,431_487_to_543,0.13135809057058043,0.11311693358127858
255,543,1,431_487_to_543,0.1383486508676903,0.11982498168980378
256,543,0,431_487_to_543,0.005518066213358348,0.0034868717884242975
257,543,0,431_487_to_543,0.009886721439700498,0.006587329726077036
258,543,0,431_487_to_543,0.0025704639318582237,0.0015168122267564402
259,543,0,431_487_to_543,0.012829013416597698,0.008755107250025405
260,543,1,431_487_to_543,0.2552624418406381,0.23702860541037832
261,543,1,431_487_to_543,0.051913619510374306,0.04052285199361785
262,543,0,431_487_to_543,0.020873690745208402,0.014908295486926258
263,543,0,431_487_to_543,0.0029096073281572937,0.0017360215404416748
264,543,0,431_487_to_543,0.007790460257354604,0.005078966051988491
265,543,0,431_487_to_543,0.08660946254482776,0.0712857765116931
266,543,0,431_487_to_543,0.16306138196379807,0.1438567116949917
267,543,1,431_487_to_543,0.06047606754324501,0.047945628056311675
268,543,0,431_487_to_543,0.09868054986408117,0.08236248966763655
269,543,0,431_487_to_543,0.13805153298633308,0.11953902418015128
270,543,0,431_487_to_543,0.4407995301359269,0.43463867769840303
271,543,1,431_487_to_543,0.09382295322865997,0.0778848004603235
273,543,0,431_487_to_543,0.01694945044321408,0.011870656248513837
275,543,0,431_487_to_543,0.00529724207760658,0.003335029852487688
276,543,0,431_487_to_543,0.014327549224114076,0.00987839631295682
277,543,0,431_487_to_543,0.23454587384837502,0.21568727521783904
278,543,0,431_487_to_543,0.019089944471186185,0.013519857644015648
279,543,0,431_487_to_543,0.0449248269047756,0.03456210177773958
280,543,0,431_487_to_543,0.02925600142212585,0.02158009858476391
281,543,0,431_487_to_543,0.012713946328822018,0.008669356111789003
282,543,0,431_487_to_543,0.0053254290253743775,0.0033543797568093524
283,543,0,431_487_to_543,0.008859669465250276,0.0058441162893375686
285,543,0,431_487_to_543,0.004091515600615266,0.0025168091976176064
286,543,0,431_487_to_543,0.3087313020713882,0.2929557370687238
287,543,0,431_487_to_543,0.0035161687399214146,0.0021337306441147957
288,543,0,431_487_to_543,0.014949947139010381,0.01034835148213604
289,543,0,431_487_to_543,0.0041404369093118905,0.00254961909897704
290,543,0,431_487_to_543,0.003001441731791753,0.0017957895415438151
291,543,0,431_487_to_543,0.01776774419305483,0.012498852212746108
292,543,0,431_487_to_543,0.09745694503932449,0.08123208891980704
293,543,0,431_487_to_543,0.005972466937970115,0.0038010646763348642
294,543,0,431_487_to_543,0.003317290053904535,0.002002587688770548
297,543,0,431_487_to_543,0.0375369971389097,0.028369057337297523
300,543,0,431_487_to_543,0.027943169516028623,0.020520662347333334
301,543,0,431_487_to_543,0.00421127769957788,0.0025971921960492067
302,543,0,431_487_to_543,0.02268344339492174,0.016329083818105352
303,543,0,431_487_to_543,0.0022894865515551577,0.0013371515362376974
304,543,0,431_487_to_543,0.0016595524577325631,0.0009419173767589848
305,543,0,431_487_to_543,0.008651260742809688,0.005694260695558636
306,543,0,431_487_to_543,0.0028314193280057805,0.001685268808320604
307,543,0,431_487_to_543,0.007881927329945413,0.005144056628796506
308,543,0,431_487_to_543,0.0316242957564958,0.02350352314958604
309,543,0,431_487_to_543,0.03519952782080211,0.02643522890757415
311,543,0,431_487_to_543,0.16187151015137413,0.14268893631783264
312,543,0,431_487_to_543,0.010110688281688707,0.006750396564526776
314,543,0,431_487_to_543,0.028250028033617584,0.02076784569831963
315,543,1,431_487_to_543,0.2622999904844578,0.2443234479334855
316,543,0,431_487_to_543,0.046607321750113534,0.03598849078702258
317,543,0,431_487_to_543,0.01087623728095245,0.0073103226666185106
318,543,0,431_487_to_543,0.02136762654803339,0.015294896766341552
319,543,0,431_487_to_543,0.03150214761931936,0.023403946371724518
320,543,1,431_487_to_543,0.07581812203562494,0.06153371534455355
321,543,0,431_487_to_543,0.006934803846785276,0.00447360809999384
322,543,0,431_487_to_543,0.0651390457846476,0.052038484552477664
323,543,0,431_487_to_543,0.5015157199899344,0.500623769797597
324,543,0,431_487_to_543,0.01059953782164212,0.007107498351463309
325,543,0,431_487_to_543,0.021693710932945205,0.015550610710833251
326,543,1,431_487_to_543,0.19619050643027355,0.17676114403098003
328,543,0,431_487_to_543,0.004101345029330964,0.002523398615906665
329,543,0,431_487_to_543,0.0028468264660939254,0.0016952598641805647
330,543,0,431_487_to_543,0.006751364912834036,0.004344702386649858
331,543,0,431_487_to_543,0.031919300228583206,0.023744178424765477
332,543,0,431_487_to_543,0.0081387004524504,0.005327158226438379
334,543,0,431_487_to_543,0.021405111941855307,0.015324272989574433
335,543,0,431_487_to_543,0.025749987274809046,0.01876220326674076
336,543,0,431_487_to_543,0.061435553894116625,0.048785009030978536
337,543,0,431_487_to_543,0.05878316348506245,0.046468260268695855
338,543,0,431_487_to_543,0.04763052904874165,0.03685868034189294
339,543,0,431_487_to_543,0.13298493026241198,0.1146742709971258
340,543,0,431_487_to_543,0.14805007930958555,0.1292019497064669
341,543,0,431_487_to_543,0.08476797905520721,0.06961117858707565
342,543,0,431_487_to_543,0.026275842801294257,0.019182486989278748
343,543,0,431_487_to_543,0.1775491089251111,0.1581560082879474
344,543,0,431_487_to_543,0.04569190381689886,0.035211715195183756
345,543,0,431_487_to_543,0.002609279875201405,0.0015417755237867006
346,543,0,431_487_to_543,0.004283536087578744,0.0026457924653586697
348,543,0,431_487_to_543,0.005847447651999509,0.003714393755064163
349,543,0,431_487_to_543,0.27057121698388775,0.2529245071700873
350,543,0,431_487_to_543,0.03974217773454218,0.030205116894150542
351,543,0,431_487_to_543,0.004467614134914819,0.0027699370215221245
353,543,0,431_487_to_543,0.009380010594887283,0.006219696942041243
354,543,0,431_487_to_543,0.00360597343063549,0.0021931720406532574
356,543,0,431_487_to_543,0.008759547077580601,0.005772081887541578
357,543,0,431_487_to_543,0.25998390566337165,0.24192027339334515
358,543,0,431_487_to_543,0.0026723279227436883,0.0015823941107228812
360,543,0,431_487_to_543,0.08697411032976465,0.07161787114791197
361,543,0,431_487_to_543,0.005217360884438558,0.003280244130779703
362,543,0,431_487_to_543,0.013497054918960371,0.00925438934996402
363,543,0,431_487_to_543,0.5427239183180815,0.5454451347641949
364,543,0,431_487_to_543,0.1888020202161691,0.1693605177457844
365,543,0,431_487_to_543,0.010348015917743926,0.006923563830684505
366,543,0,431_487_to_543,0.039436548594806366,0.029949989295944637
367,543,0,431_487_to_543,0.001643793858679027,0.0009321835029785332
369,543,0,431_487_to_543,0.06571126919158149,0.052543059184571514
370,543,0,431_487_to_543,0.003505972653073466,0.0021269905269772774
371,543,0,431_487_to_543,0.0016418822311009822,0.0009310032820434648
372,543,1,431_487_to_543,0.3869621933480439,0.37644188425728453
374,543,0,431_487_to_543,0.006209110714756526,0.003965576448576347
375,543,0,431_487_to_543,0.27006889544522555,0.25240133065804565
376,543,0,431_487_to_543,0.013492019887449958,0.009250617225379579
377,543,0,431_487_to_543,0.014989585964867309,0.010378346639245358
378,543,0,431_487_to_543,0.0040831203790316776,0.002511182379178789
380,543,0,431_487_to_543,0.002770982753647101,0.0016461251196724486
381,543,0,431_487_to_543,0.05791763663626417,0.04571474451817696
382,543,0,431_487_to_543,0.5104208878335467,0.5103125485350422
383,543,0,431_487_to_543,0.003753679071011854,0.0022912290301765562
384,543,0,431_487_to_543,0.024990188259821005,0.018156480339344097
385,543,0,431_487_to_543,0.10357162506309632,0.08689734129718636
386,543,0,431_487_to_543,0.0050781095252122495,0.0031849244841256857
387,543,0,431_487_to_543,0.01681657058937227,0.011768921672535005
388,543,0,431_487_to_543,0.045415224972836496,0.034977268245744646
389,543,0,431_487_to_543,0.0024434203719079033,0.0014353476986598561
390,543,0,431_487_to_543,0.02420498599482752,0.01753245718741564
391,543,0,431_487_to_543,0.16899463542352064,0.14969501555723141
392,543,0,431_487_to_543,0.002870649292770676,0.001710717834590909
393,543,0,431_487_to_543,0.004379931276559046,0.0027107431822272756
394,543,0,431_487_to_543,0.01993405796247785,0.01417537056600578
395,543,0,431_487_to_543,0.017578301685167674,0.012353162113752605
396,543,0,431_487_to_543,0.022303326601640854,0.016029693623498213
397,543,0,431_487_to_543,0.004030962955384179,0.0024762480294161487
398,543,0,431_487_to_543,0.009187676449179179,0.006080636662105607
399,543,1,431_487_to_543,0.11489124443643994,0.09748846499118288
400,543,0,431_487_to_543,0.0025660609101131066,0.001513982690539445
401,543,0,431_487_to_543,0.0761899045962583,0.06186716562708896
402,543,0,431_487_to_543,0.0372818623933378,0.02815735010208209
403,543,0,431_487_to_543,0.034654200339994286,0.02598596987297867
404,543,0,431_487_to_543,0.004487473332029146,0.002783358581322223
405,543,0,431_487_to_543,0.006780203614980092,0.004364946563251889
406,543,0,431_487_to_543,0.09075272432039126,0.07506858912880911
407,543,1,431_487_to_543,0.24159629749843534,0.22292729641895778
408,543,0,431_487_to_543,0.03467489121517773,0.026003002311850754
409,543,0,431_487_to_543,0.004158409470378285,0.0025616815938218295
410,543,0,431_487_to_543,0.008672725192617364,0.00570967914622196
411,543,0,431_487_to_543,0.024655271887499976,0.017890067042930165
412,543,0,431_487_to_543,0.007441782531421301,0.004831496512630085
413,543,0,431_487_to_543,0.008793728770623017,0.005796665731381698
414,543,0,431_487_to_543,0.014469577770601916,0.009985467431839767
416,543,0,431_487_to_543,0.23096343497204946,0.21201798526803448
417,543,0,431_487_to_543,0.010791417563867624,0.007248096127181754
418,543,0,431_487_to_543,0.002840128843846402,0.001690916060810589
419,543,0,431_487_to_543,0.13396867781602367,0.11561710618775557
420,543,0,431_487_to_543,0.3865158330884663,0.3759613700877726
421,543,0,431_487_to_543,0.006835204172815049,0.004403577925238698
422,543,0,431_487_to_543,0.07339897795826633,0.05936859365120238
423,543,0,431_487_to_543,0.2034915525507482,0.18410687724672214
424,543,0,431_487_to_543,0.10849376465436542,0.0914866447290039
425,543,0,431_487_to_543,0.00634904475241663,0.00406313098348878
426,543,0,431_487_to_543,0.002572446992346474,0.0015180867535853643
428,543,0,431_487_to_543,0.010124735505465983,0.006760635585184489
429,543,0,431_487_to_543,0.24879908390108518,0.23034858173477338
430,543,0,431_487_to_543,0.1457795232458331,0.12700048985522835
431,543,0,431_487_to_543,0.29342571299138887,0.27683450517318775
432,543,0,431_487_to_543,0.0032482334061458905,0.00195721514701664
433,543,0,431_487_to_543,0.08966770038496222,0.07407597506553386
434,543,0,431_487_to_543,0.00706197690262865,0.004563161121845199
435,543,0,431_487_to_543,0.02055017369964242,0.014655571176597226
436,543,0,431_487_to_543,0.0705662693414898,0.056843666815516045
437,543,0,431_487_to_543,0.016350836562821,0.011412972397711524
438,543,0,431_487_to_543,0.0024960399520921914,0.0014690439716818053
440,543,1,431_487_to_543,0.36604992728065033,0.3539736463923534
441,543,0,431_487_to_543,0.012147689301313281,0.008248459154016995
442,543,0,431_487_to_543,0.007155437064330274,0.00462906976572875
443,543,0,431_487_to_543,0.005225990067010293,0.0032861586827378493
444,543,0,431_487_to_543,0.20111849450116917,0.18171580509188937
445,543,0,431_487_to_543,0.0025529273734732675,0.0015055452185087385
446,543,0,431_487_to_543,0.14159988746460564,0.12295890731647224
447,543,0,431_487_to_543,0.3835281558276038,0.3727460935969497
448,543,0,431_487_to_543,0.08668424655256977,0.07135387112160639
449,543,0,431_487_to_543,0.21835104396829136,0.1991527469141272
450,543,0,431_487_to_543,0.016089644891110696,0.011213780220639662
451,543,0,431_487_to_543,0.008499249501825453,0.005585170235224381
452,543,1,431_487_to_543,0.07065195182960667,0.05691987318070316
453,543,0,431_487_to_543,0.17037637976242206,0.15105823470851104
454,543,0,431_487_to_543,0.0024180149556902427,0.0014191019695706073
455,543,0,431_487_to_543,0.026893845401069576,0.019677509036942178
456,543,0,431_487_to_543,0.006586885144179555,0.004229394991495605
457,543,0,431_487_to_543,0.057201249391109675,0.04509200958322592
458,543,0,431_487_to_543,0.023516870074197723,0.016987262603527602
459,543,0,431_487_to_543,0.0113332907787035,0.007646417250903708
460,543,0,431_487_to_543,0.04091492670460258,0.031186002272985028
461,543,0,431_487_to_543,0.2714198030766006,0.25380856229325954
462,543,0,431_487_to_543,0.0073269315481093444,0.004750216110810402
463,543,0,431_487_to_543,0.0038421455978509583,0.002350128034506852
464,543,0,431_487_to_543,0.002976062123675147,0.0017792551556092887
465,543,0,431_487_to_543,0.024818146638269426,0.018019582433512236
466,543,0,431_487_to_543,0.09472104945742803,0.0787106492180089
467,543,0,431_487_to_543,0.007283416838689374,0.004719451448724339
468,543,0,431_487_to_543,0.0038631586039027392,0.002364136247564942
469,543,0,431_487_to_543,0.004856086916182442,0.0030334440729733823
470,543,0,431_487_to_543,0.010757694745930224,0.007223368817922894
471,543,0,431_487_to_543,0.05325022740226301,0.04167321579577275
472,543,0,431_487_to_543,0.012958292133510215,0.008851537200069905
473,543,0,431_487_to_543,0.016154912310416426,0.011263525699582161
474,543,0,431_487_to_543,0.42793820938179516,0.4206986859277911
475,543,0,431_487_to_543,0.08223489390641019,0.06731454886732445
476,543,1,431_487_to_543,0.012677655906160172,0.008642326878846314
477,543,0,431_487_to_543,0.06252563928964236,0.04974041611242946
478,543,0,431_487_to_543,0.30933266610813853,0.2935908034922035
479,543,0,431_487_to_543,0.03696500092442648,0.02789463508408849
480,543,0,431_487_to_543,0.054259395982606415,0.04254386970411204
481,543,0,431_487_to_543,0.16782561815262223,0.14854272039673289
482,543,0,431_487_to_543,0.056872150927280964,0.0448062221176726
483,543,0,431_487_to_543,0.007811620550687859,0.005094018014719829
484,543,0,431_487_to_543,0.007536037578178405,0.004898288432297194
485,543,0,431_487_to_543,0.007949318187466215,0.005192059030379181
487,543,0,431_487_to_543,0.44753120299675697,0.4419420637470636
488,543,0,431_487_to_543,0.3335475344739932,0.31925887698147426
489,543,0,431_487_to_543,0.0030797000223288526,0.001846852638568877
490,543,0,431_487_to_543,0.03607605743164321,0.027158865468428925
491,543,0,431_487_to_543,0.023797653521801805,0.017209536414026658
492,543,0,431_487_to_543,0.002160219721404822,0.0012551464074436079
493,543,0,431_487_to_543,0.004677097846882293,0.002911783853613075
495,543,0,431_487_to_543,0.010301251705380715,0.0068894121118056265
497,543,0,431_487_to_543,0.0726269812836834,0.05867935926823228
498,543,0,431_487_to_543,0.004960438410168104,0.0031045631740631166
501,543,0,431_487_to_543,0.3520294056731318,0.3389653585491925
502,543,1,431_487_to_543,0.1388134312960878,0.12027245253819278
503,543,0,431_487_to_543,0.004966126670679735,0.0031084438830641047
504,543,0,431_487_to_543,0.13419063895196726,0.11582995190627833
505,543,0,431_487_to_543,0.28694538253415636,0.2700343285695913
506,543,0,431_487_to_543,0.10432381919843105,0.087597030061813
507,543,0,431_487_to_543,0.03297199860690684,0.024604801125983768
508,543,0,431_487_to_543,0.04898064132193633,0.03800998035413762
509,543,0,431_487_to_543,0.25833540607620925,0.2402112213386664
510,543,0,431_487_to_543,0.0021250980331246824,0.0012329406222901633
511,543,0,431_487_to_543,0.0036254910514492526,0.0022061085760281466
513,543,0,431_487_to_543,0.00324987044970919,0.0019582897368441645
514,543,0,431_487_to_543,0.039421298336732656,0.029937264429215505
515,543,0,431_487_to_543,0.03018411142712627,0.022332028641067037
516,543,0,431_487_to_543,0.09775530236491778,0.08150756673346861
517,543,0,431_487_to_543,0.010337418170831402,0.00691582305660115
518,543,0,431_487_to_543,0.0013554911663578727,0.0007556541124432818
519,543,1,431_487_to_543,0.12730242563263608,0.10924468862018193
520,543,0,431_487_to_543,0.03445838922887097,0.025824833519757603
521,543,0,431_487_to_543,0.07695786762731607,0.06255653762168888
523,543,0,431_487_to_543,0.006101036022245947,0.0038903711482614328
524,543,0,431_487_to_543,0.04651710972152503,0.035911867979199714
526,543,0,431_487_to_543,0.003352018601665999,0.002025437966467694
527,543,0,431_487_to_543,0.003273128773989163,0.0019735622724915886
528,543,0,431_487_to_543,0.563187281191959,0.5676726105083613
529,543,1,431_487_to_543,0.08717212702759553,0.07179827815935366
530,543,0,431_487_to_543,0.19615886880750472,0.1767293825812212
531,543,0,431_487_to_543,0.12621886205963223,0.1082126187031501
533,543,0,431_487_to_543,0.04319552141462696,0.033101999858062385
534,543,0,431_487_to_543,0.005644289684442859,0.0035739175870635217
535,543,0,431_487_to_543,0.03645428462936097,0.02747169047810986
536,543,0,431_487_to_543,0.02083630885783385,0.014879073593325784
537,543,1,431_487_to_543,0.5118062727619827,0.5118198195054037
538,543,0,431_487_to_543,0.007845829008456661,0.005118359573455234
539,543,0,431_487_to_543,0.07522258969615037,0.060999974736722494
540,543,0,431_487_to_543,0.009635927194362405,0.006405143819146615
541,543,0,431_487_to_543,0.02792672567143887,0.0205074241530282
542,543,0,431_487_to_543,0.012056048658253387,0.00818051681859852
543,543,0,431_487_to_543,0.005653558039745614,0.0035803163072348557
544,543,0,431_487_to_543,0.006895573657158142,0.00444601349776264
545,543,0,431_487_to_543,0.03307678794061698,0.024690628119655788
546,543,0,431_487_to_543,0.005307440089128681,0.003342029541242011
547,543,0,431_487_to_543,0.030871926473354756,0.02289081816651892
548,543,0,431_487_to_543,0.008666842550261991,0.005705453141135676
549,543,0,431_487_to_543,0.06832223816211186,0.054851582271196624
550,543,0,431_487_to_543,0.06922969817198478,0.055656279671814884
551,543,0,431_487_to_543,0.14258049156038477,0.12390584457198237
552,543,0,431_487_to_543,0.03477239400617798,0.026083279513055814
553,543,0,431_487_to_543,0.001744284521026284,0.0009943952240115124
554,543,0,431_487_to_543,0.362307447516405,0.3499628733643506
557,543,0,431_487_to_543,0.04088143766260544,0.03115795025367169
558,543,0,431_487_to_543,0.007072850109789532,0.00457082482829467
559,543,1,431_487_to_543,0.30490124956356857,0.2889139084561142
560,543,0,431_487_to_543,0.0029593826128071427,0.0017683956630164294
561,543,0,431_487_to_543,0.0425916389376574,0.032593584693766796
562,543,0,431_487_to_543,0.05476839787883741,0.042983685301011376
563,543,0,431_487_to_543,0.11499204586978827,0.09758335728857682
564,543,0,431_487_to_543,0.06045592741680769,0.047928024816156656
565,543,0,431_487_to_543,0.25123791283588215,0.23286691444579816
566,543,1,431_487_to_543,0.0947124477252132,0.07870273508530104
567,543,0,431_487_to_543,0.0036238529628576446,0.0022050225859472188
568,543,0,431_487_to_543,0.0023528673845573064,0.0013775132247174624
569,543,0,431_487_to_543,0.01340913510982116,0.009188541421800303
570,543,0,431_487_to_543,0.04276971548808903,0.03274342967129658
571,543,0,431_487_to_543,0.15679144379697654,0.13771495197600442
572,543,1,431_487_to_543,0.4670712903634056,0.46316400244909656
573,543,0,431_487_to_543,0.016193763135658026,0.01129314629145358
574,543,0,431_487_to_543,0.002871158694872343,0.001711048498247296
575,543,0,431_487_to_543,0.003731633074967965,0.0022765708119426883
576,543,0,431_487_to_543,0.04534357869234934,0.03491658296909677
577,543,0,431_487_to_543,0.03240204263784696,0.024138480147894582
578,543,0,431_487_to_543,0.006655806773672201,0.004277679945269339
579,543,0,431_487_to_543,0.3020204486396681,0.28587713717816793
580,543,0,431_487_to_543,0.017591241619719117,0.012363108648321915
581,543,0,431_487_to_543,0.001588751129739616,0.0008982502462830527
582,543,0,431_487_to_543,0.03869878743829478,0.02933499882252766
583,543,0,431_487_to_543,0.012899943846734277,0.008808003309812108
584,543,1,431_487_to_543,0.11923208091430938,0.10158374120869693
585,543,0,431_487_to_543,0.08309664167504169,0.06809494964831567
586,543,0,431_487_to_543,0.002293105561054821,0.001339453489621833
587,543,0,431_487_to_543,0.18639613278139194,0.1669580749903114
588,543,0,431_487_to_543,0.0016567954812739118,0.0009402138310617951
589,543,0,431_487_to_543,0.2666028806159164,0.24879429825333005
590,543,0,431_487_to_543,0.08304535354966942,0.06804847672822371
591,543,0,431_487_to_543,0.003166438072677809,0.001903585838036315
592,543,0,431_487_to_543,0.16665728731043458,0.14739206901979915
593,543,0,431_487_to_543,0.015461218600390556,0.010735821243022524
594,543,0,431_487_to_543,0.01799378127035537,0.012672884527348162
595,543,0,431_487_to_543,0.005789257329471419,0.0036741106828785557
596,543,0,431_487_to_543,0.013079218578882706,0.008941820673424649
597,543,0,431_487_to_543,0.04199917768766031,0.032095532646662504
598,543,0,431_487_to_543,0.010805920630114964,0.00725873277765576
600,543,0,431_487_to_543,0.00566122733495269,0.003585611792493681
601,543,0,431_487_to_543,0.00526639185536307,0.0033138624840033447
602,543,0,431_487_to_543,0.025887598879495703,0.018872104394180456
603,543,0,431_487_to_543,0.09738243702858956,0.08116331001434357
604,543,0,431_487_to_543,0.03630187798603073,0.02734559649785137
605,543,0,431_487_to_543,0.016523926420984412,0.011545146832527853
606,543,0,431_487_to_543,0.015243341697149668,0.010570547791605009
607,543,0,431_487_to_543,0.11024164085847475,0.09312234298971805
608,543,0,431_487_to_543,0.0039041910777426214,0.00239151028065463
609,543,0,431_487_to_543,0.00490823208121794,0.00306896547484459
610,543,0,431_487_to_543,0.06816369958019787,0.05471112039723958
611,543,0,431_487_to_543,0.011315742156687568,0.007633488736371933
612,543,0,431_487_to_543,0.00834503448318648,0.0054746847540442555
613,543,1,431_487_to_543,0.11945690259636707,0.10179633641008046
614,543,0,431_487_to_543,0.003241957144295017,0.0019530957311078283
617,543,0,431_487_to_543,0.015967092328238366,0.011120426287987636
618,543,0,431_487_to_543,0.0029307607736623314,0.001749773798364182
619,543,1,431_487_to_543,0.5935219869846177,0.6005472497442055
620,543,0,431_487_to_543,0.1543917164095644,0.13537206168677185
621,543,0,431_487_to_543,0.0046315579198392895,0.0028808972748366724
622,543,0,431_487_to_543,0.004306589387005781,0.002661313677862695
623,543,0,431_487_to_543,0.04003017473377269,0.03044571617566184
624,543,0,431_487_to_543,0.009414741631681685,0.006244836729442661
625,543,0,431_487_to_543,0.2759091978381464,0.2584905306561035
626,543,1,431_487_to_543,0.05310387511419041,0.04154710069246109
627,543,0,431_487_to_543,0.04270010681446575,0.03268484854085151
628,543,0,431_487_to_543,0.1919712468409175,0.17253079434343208
629,543,1,431_487_to_543,0.263145463072188,0.24520129394161802
630,543,0,431_487_to_543,0.0057570417407721815,0.003651824995102316
631,543,0,431_487_to_543,0.0032131618690587303,0.0019342052617221286
632,543,0,431_487_to_543,0.022408527611112974,0.016112502072821014
633,543,0,431_487_to_543,0.008686030580630617,0.0057192385349600266
634,543,1,431_487_to_543,0.42743726335843457,0.42015612435033306
636,543,0,431_487_to_543,0.0014704237929029308,0.0008256621957291046
637,543,0,431_487_to_543,0.02267221922566718,0.016320236126771085
638,543,0,431_487_to_543,0.0034509076716086914,0.002090620686582389
639,543,0,431_487_to_543,0.018048530877358568,0.012715070179371504
640,543,1,431_487_to_543,0.29415468099323694,0.277600427483479
641,543,0,431_487_to_543,0.0027172476210841462,0.0016113863918837505
642,543,0,431_487_to_543,0.08715233978467016,0.07178024845853745
643,543,0,431_487_to_543,0.06898074233797177,0.05543539668619391
644,543,0,431_487_to_543,0.006269788597158221,0.0040078531530748215
645,543,1,431_487_to_543,0.04376625338610609,0.03358320471205239
646,543,1,431_487_to_543,0.05168919846135583,0.040330017207728115
647,543,0,431_487_to_543,0.008204615786872788,0.0053742493762475654
648,543,0,431_487_to_543,0.0176994842701786,0.012446339524110492
649,543,0,431_487_to_543,0.042156089298727904,0.032227367728998986
650,543,0,431_487_to_543,0.047635245055357565,0.03686269579684603
652,543,0,431_487_to_543,0.0691469996845831,0.055582896476897715
653,543,0,431_487_to_543,0.007735469734711838,0.0050398674581159375
654,543,0,431_487_to_543,0.0037194928506490456,0.002268502222044932
655,543,0,431_487_to_543,0.05139902845704822,0.04008082293510239
656,543,0,431_487_to_543,0.014867042953594405,0.0102856418348141
657,543,0,431_487_to_543,0.2853894660859099,0.26840397530313237
658,543,0,431_487_to_543,0.10417833398499661,0.0874616534417335
659,543,0,431_487_to_543,0.30697882622711364,0.29110574210819545
660,543,0,431_487_to_543,0.006311383156740833,0.004036855607329486
661,543,0,431_487_to_543,0.003971865621117288,0.002436715133689814
662,543,0,431_487_to_543,0.02973518228545539,0.021968017110055783
663,543,0,431_487_to_543,0.01807713018457921,0.012737111507868723
664,543,0,431_487_to_543,0.16679531366356593,0.14752795615563855
665,543,0,431_487_to_543,0.2209589686346443,0.20180603683997828
666,543,0,431_487_to_543,0.011782381774156305,0.007977914827786373
667,543,0,431_487_to_543,0.018264070479814678,0.012881269505149123
668,543,0,431_487_to_543,0.014634001594166297,0.010109548473389005
669,543,0,431_487_to_543,0.006997023349758326,0.0045174031084629545
670,543,0,431_487_to_543,0.002398714356243681,0.0014067702714941012
671,543,0,431_487_to_543,0.007981566829858911,0.005215043144178452
672,543,0,431_487_to_543,0.025562287422918075,0.018612395932005896
673,543,0,431_487_to_543,0.04897971136477439,0.038009186142981745
674,543,0,431_487_to_543,0.012264515474506073,0.008335144978821346
675,543,0,431_487_to_543,0.0038321526027254465,0.0023434686960161974
676,543,0,431_487_to_543,0.004014603494061834,0.002465299128392699
677,543,0,431_487_to_543,0.0292544923566554,0.021578877951915078
678,543,0,431_487_to_543,0.06073243689034975,0.04816976163883416
679,543,0,431_487_to_543,0.0028203958896093994,0.0016781234552989792
680,543,0,431_487_to_543,0.014098156989989953,0.00970568091092997
681,543,0,431_487_to_543,0.03494440608716326,0.026224959895375696
682,543,0,431_487_to_543,0.00366305930966865,0.002231027080980062
683,543,0,431_487_to_543,0.6205239638897694,0.6297012778655809
684,543,0,431_487_to_543,0.021893925516431923,0.01570780841447005
685,543,0,431_487_to_543,0.007057615375696219,0.004560087317037135
686,543,0,431_487_to_543,0.18525504487992975,0.16581991589074946
687,543,0,431_487_to_543,0.03846954727436211,0.029144157549631934
688,543,0,431_487_to_543,0.02120952356743859,0.015171052552090955
690,543,0,431_487_to_543,0.0028345052010046983,0.0016872695101924709
691,543,0,431_487_to_543,0.06251142272933766,0.04972794393601478
692,543,0,431_487_to_543,0.006004076904286362,0.003823005255431551
693,543,0,431_487_to_543,0.003194536571544603,0.0019219947167115037
694,543,1,431_487_to_543,0.2817850422146945,0.2646306944280417
695,543,0,431_487_to_543,0.0026154490833562687,0.001545746157191361
696,543,0,431_487_to_543,0.0016394646269327195,0.0009295108517984379
697,543,0,431_487_to_543,0.030060304502189942,0.022231584596807276
698,543,0,431_487_to_543,0.137221892172589,0.11874093983641645
699,543,0,431_487_to_543,0.005092600902830444,0.0031948329909613
700,543,1,431_487_to_543,0.5281928890581171,0.5296456268000717
701,543,0,431_487_to_543,0.03344552656196445,0.024992865034710147
702,543,0,431_487_to_543,0.003311980189327228,0.0019990958704353065
703,543,0,431_487_to_543,0.006981713359067719,0.004506623361802128
704,543,1,431_487_to_543,0.1531200277202276,0.13413227133110728
705,543,0,431_487_to_543,0.0057607322923566235,0.0036543774165129915
706,543,0,431_487_to_543,0.008795412566910353,0.005797876967776044
707,543,0,431_487_to_543,0.002014442665934238,0.0011631959707546977
708,543,0,431_487_to_543,0.02108096882316489,0.015070421527753466
709,543,0,431_487_to_543,0.009216240175829152,0.006101271471800871
710,543,0,431_487_to_543,0.001981257088297679,0.001142345574215741
711,543,0,431_487_to_543,0.03804734584860211,0.028792991463104687
712,543,0,431_487_to_543,0.0024498829489094202,0.0014394826845459331
713,543,0,431_487_to_543,0.11675973815513978,0.09924903210125204
714,543,0,431_487_to_543,0.004453850208914313,0.0027606380588365287
715,543,0,431_487_to_543,0.010213510694667497,0.006825374793807228
716,543,0,431_487_to_543,0.016382524343558396,0.011437159585392282
717,543,0,431_487_to_543,0.06084297395710508,0.04826643236927263
718,543,0,431_487_to_543,0.00010658386840354262,4.7476032419722286e-05
719,543,0,431_487_to_543,0.2021962664568527,0.18280134624019964
720,543,0,431_487_to_543,0.014966534386289488,0.01036090230795678
721,543,0,431_487_to_543,0.8362260657161328,0.8544262056077042
722,543,0,431_487_to_543,0.006720958621574411,0.004323366470436757
723,543,0,431_487_to_543,0.04033586142845381,0.030701294685351745
724,543,0,431_487_to_543,0.1516129056455558,0.1326645643169667
725,543,0,431_487_to_543,0.004485085519097007,0.0027817445241407465
726,543,0,431_487_to_543,0.0337068772940388,0.025207291453484923
727,543,0,431_487_to_543,0.011831494925468727,0.008014241708600685
728,543,0,431_487_to_543,0.00644228983462867,0.004128247149309331
729,543,0,431_487_to_543,0.32641755016299023,0.3116822042430742
730,543,0,431_487_to_543,0.017220220930734494,0.012078202449746112
731,543,0,431_487_to_543,0.03164013633654873,0.02351643951493306
732,543,0,431_487_to_543,0.008164969200018012,0.005345920856918383
733,543,0,431_487_to_543,0.0264994445509713,0.01936145764491571
734,543,0,431_487_to_543,0.02530158366186118,0.018404507327334136
735,543,0,431_487_to_543,0.017972345199826913,0.01265637104203967
736,543,0,431_487_to_543,0.016495408847790723,0.011523360990516596
737,543,0,431_487_to_543,0.02381303698223658,0.017221721914382343
738,543,0,431_487_to_543,0.14056997878089092,0.1219652102937381
740,543,0,431_487_to_543,0.006496747815029499,0.004166317394508032
741,543,0,431_487_to_543,0.008110536027529452,0.005307047879727349
742,543,0,431_487_to_543,0.004417623116581877,0.0027361754475784305
743,543,0,431_487_to_543,0.03785299678582646,0.02863147939850838
744,543,0,431_487_to_543,0.003946868454232615,0.002420009445449243
745,543,0,431_487_to_543,0.0015735021179333025,0.0008888678073391849
746,543,0,431_487_to_543,0.3206936814570746,0.3056108270207779
747,543,0,431_487_to_543,0.011609347106507302,0.007850043851180476
748,543,0,431_487_to_543,0.005653686454829194,0.0035804049696809004
749,543,0,431_487_to_543,0.10665657207456172,0.0897707340472528
750,543,0,431_487_to_543,0.12935459785163098,0.11120222482103735
752,543,0,431_487_to_543,0.03068428615888514,0.022738248410601347
753,543,0,431_487_to_543,0.0379044374485393,0.02867422021864424
754,543,0,431_487_to_543,0.04563889986984793,0.0351667898396088
755,543,0,431_487_to_543,0.006925466654431589,0.004467038982238334
756,543,1,431_487_to_543,0.40218428795911537,0.392850875836739
757,543,0,431_487_to_543,0.025233043623764707,0.018349888456626932
758,543,0,431_487_to_543,0.0989730843175487,0.08263298649082877
759,543,0,431_487_to_543,0.14334886329407395,0.12464838591304557
760,543,0,431_487_to_543,0.012845865128318736,0.008767671808467192
761,543,0,431_487_to_543,0.0063443835092353035,0.004059878189830529
762,543,0,431_487_to_543,0.0026290320607632645,0.00155449142140103
763,543,0,431_487_to_543,0.12546699109107068,0.10749710315321162
764,543,0,431_487_to_543,0.007934694855602185,0.005181639617148195
765,543,0,431_487_to_543,0.2532641881483254,0.2349613267587385
766,543,0,431_487_to_543,0.006420245822193692,0.00411284516379863
767,543,1,431_487_to_543,0.09201787097564172,0.07622773480845045
768,543,0,431_487_to_543,0.001592054598815847,0.000900283873679371
769,543,0,431_487_to_543,0.047929874352974536,0.03711364375058534
770,543,0,431_487_to_543,0.0460229215699014,0.03549240765095879
771,543,0,431_487_to_543,0.002052848994253219,0.0011873649923831288
772,543,0,431_487_to_543,0.08814685984620399,0.07268702044759319
773,543,0,431_487_to_543,0.14902064475790427,0.13014422840771192
774,543,1,431_487_to_543,0.11295011684837902,0.0956630754387202
775,543,1,431_487_to_543,0.17926810216053438,0.1598622248791015
776,543,0,431_487_to_543,0.04426318475723683,0.034002733668210626
777,543,0,431_487_to_543,0.023876534351230123,0.017272027628790165
778,543,0,431_487_to_543,0.041412257208311036,0.031602876447510045
779,543,0,431_487_to_543,0.025873583439699095,0.01886090849369458
781,543,0,431_487_to_543,0.07724498178945051,0.06281447227142911
782,543,0,431_487_to_543,0.05587811650048782,0.04394412023116715
784,543,0,431_487_to_543,0.014476801807467592,0.00999091614065113
785,543,0,431_487_to_543,0.0339188513124462,0.02538133367012712
786,543,0,431_487_to_543,0.004065927634603529,0.00249966239293706
787,543,0,431_487_to_543,0.008745954124489193,0.0057623081858422754
788,543,0,431_487_to_543,0.00713747529075455,0.004616396781269739
789,543,0,431_487_to_543,0.46922642516604174,0.4655063107551066
790,543,0,431_487_to_543,0.018428359158662394,0.013008079641934029
791,543,0,431_487_to_543,0.0757848319893479,0.0615038667468351
792,543,1,431_487_to_543,0.9798929729250508,0.9855738046087681
793,543,0,431_487_to_543,0.011636077151283923,0.007869785314167238
794,543,0,431_487_to_543,0.13824043154016252,0.11972081872204048
795,543,0,431_487_to_543,0.3028073569063005,0.2867063636218699
796,543,1,431_487_to_543,0.16445073971300858,0.14522157091098017
797,543,0,431_487_to_543,0.0217423670463196,0.015588799613840104
798,543,0,431_487_to_543,0.011169099157820004,0.007525527876625451
799,543,0,431_487_to_543,0.036035221166796284,0.02712511101711551
800,543,0,431_487_to_543,0.00323062548691124,0.0019456600418554127
801,543,0,431_487_to_543,0.2637533132096085,0.24583260989239364
802,543,0,431_487_to_543,0.05112780846822553,0.039848041502319624
803,543,0,431_487_to_543,0.009844764506808972,0.006556820043427246
804,543,0,431_487_to_543,0.01311373990351539,0.00896760896100858
805,543,0,431_487_to_543,0.005428555906476235,0.003425254602250609
806,543,0,431_487_to_543,0.014262804506012357,0.00982962111291297
807,543,0,431_487_to_543,0.008172082556194664,0.005351002590886734
808,543,0,431_487_to_543,0.0029289550401585215,0.0017485995057981761
809,543,0,431_487_to_543,0.04897703053026047,0.03800689663950092
810,543,0,431_487_to_543,0.17503970537915048,0.15566882696239012
811,543,0,431_487_to_543,0.2272563124122573,0.20822788466601277
812,543,0,431_487_to_543,0.10573214597097287,0.08890865514768109
813,543,0,431_487_to_543,0.06898236225571044,0.05543683364704609
815,543,0,431_487_to_543,0.20819536296640576,0.18885612532720042
816,543,0,431_487_to_543,0.017419607834209996,0.01223123744873525
817,543,0,431_487_to_543,0.002773774376646164,0.0016479315208648363
818,543,0,431_487_to_543,0.4115542389974355,0.40297120543234694
820,543,0,431_487_to_543,0.01363086297098272,0.009354684561336734
821,543,0,431_487_to_543,0.3556982793961568,0.34288806403056266
822,543,0,431_487_to_543,0.14393249063919006,0.12521271482405225
823,543,0,431_487_to_543,0.026955755315457453,0.01972716324512202
824,543,0,431_487_to_543,0.033797794355228825,0.025281925403779045
825,543,0,431_487_to_543,0.0016184294096250654,0.0009165337655577495
827,543,0,431_487_to_543,0.2947420177743636,0.27821768008738196
828,543,1,431_487_to_543,0.10558182184173544,0.08876855374277072
829,543,0,431_487_to_543,0.023368394086167362,0.016869833514255965
830,543,0,431_487_to_543,0.1945456497667768,0.1751106604591966
831,543,0,431_487_to_543,0.004173837300690824,0.0025720399524328287
832,543,0,431_487_to_543,0.12523410342498142,0.10727558063799124
833,543,0,431_487_to_543,0.04264354459797844,0.03263725453289732
834,543,0,431_487_to_543,0.31745562200435845,0.30218069877470743
835,543,0,431_487_to_543,0.17515162607506574,0.15577966557277606
836,543,0,431_487_to_543,0.013997359595747274,0.009629873323830064
837,543,0,431_487_to_543,0.06857079230038826,0.055071870159074915
838,543,0,431_487_to_543,0.17413054177908285,0.1547687700836866
840,543,0,431_487_to_543,0.004051973626929579,0.002490315778851123
841,543,0,431_487_to_543,0.011561546239086569,0.00781475133593027
842,543,0,431_487_to_543,0.002225733821834833,0.0012966541904382521
843,543,0,431_487_to_543,0.14387251364586345,0.12515470829213327
844,543,0,431_487_to_543,0.01453935091385222,0.010038104591978458
845,543,0,431_487_to_543,0.017592826127671102,0.012364326660722838
846,543,0,431_487_to_543,0.03305533221925889,0.0246730526551251
847,543,0,431_487_to_543,0.026705507413067663,0.019526526037541642
848,543,0,431_487_to_543,0.07661453824527487,0.062248245689810855
849,543,0,431_487_to_543,0.024646567005293083,0.017883147484175875
850,543,0,431_487_to_543,0.017420566137540613,0.012231973388866006
852,543,0,431_487_to_543,0.015877607514625462,0.011052305564320101
853,543,0,431_487_to_543,0.015108534833404536,0.010468402661720675
854,543,0,431_487_to_543,0.0939653000767705,0.07801563465515267
856,543,0,431_487_to_543,0.0066634192467920185,0.004283015922016023
857,543,0,431_487_to_543,0.016532333202989122,0.01155156984706695
858,543,0,431_487_to_543,0.06543866380536395,0.05230261959491153
859,543,0,431_487_to_543,0.002682191737635233,0.001588756722558285
861,543,0,431_487_to_543,0.08574173257580794,0.07049616507607526
862,543,0,431_487_to_543,0.028389587196468644,0.020880355561440023
863,543,0,431_487_to_543,0.01343757306251071,0.009209835624876754
864,543,0,431_487_to_543,0.003095170956807664,0.0018569613236089709
866,543,0,431_487_to_543,0.00865068771124487,0.005693849121749635
867,543,0,431_487_to_543,0.007054386618753728,0.004557811950307866
868,543,0,431_487_to_543,0.007707271325086742,0.005019828252932277
869,543,0,431_487_to_543,0.006033027154142433,0.003843109065880074
871,543,0,431_487_to_543,0.01211281485027162,0.00822259746287762
873,543,0,431_487_to_543,0.03845887575212996,0.0291352764805069
875,543,0,431_487_to_543,0.015317926671014134,0.010627099600921865
876,543,0,431_487_to_543,0.004624845682758453,0.002876347169447487
877,543,0,431_487_to_543,0.0635204107652262,0.05061391229698059
878,543,0,431_487_to_543,0.012300547060212939,0.008361896618057956
879,543,0,431_487_to_543,0.004565849296595206,0.002836380623585661
880,543,1,431_487_to_543,0.5720155361671123,0.5772508415067381
881,543,0,431_487_to_543,0.0020302267817133893,0.0011731239252144503
882,543,0,431_487_to_543,0.006526579308889603,0.00418718439692656
883,543,0,431_487_to_543,0.002943464686743722,0.0017580371669670722
884,543,0,431_487_to_543,0.698666693820317,0.7131718528996114
885,543,0,431_487_to_543,0.02867708211991582,0.0211123063332007
886,543,0,431_487_to_543,0.007627981723683746,0.0049635177605468405
887,543,0,431_487_to_543,0.10360085106903483,0.0869245160452666
888,543,0,431_487_to_543,0.0030823500319211643,0.0018485838256434661
889,543,0,431_487_to_543,0.0030628576482848264,0.0018358530752832203
890,543,0,431_487_to_543,0.15673127048043073,0.1376561505899038
891,543,0,431_487_to_543,0.009035346628622246,0.005970693800585227
892,543,0,431_487_to_543,0.247751953509513,0.2292681638058091
893,543,0,431_487_to_543,0.006856380446290028,0.004418459440137751
894,543,0,431_487_to_543,0.10087534609747252,0.08439423196480915
895,543,0,431_487_to_543,0.010644664962741843,0.007140543242916403
896,543,0,431_487_to_543,0.00755614020391321,0.004912543844899168
897,543,0,431_487_to_543,0.18571831252679924,0.16628189346474664
898,543,0,431_487_to_543,0.00310235160410012,0.0018616547012980627
900,543,0,431_487_to_543,0.0033263656861740026,0.002008557083893362
901,543,0,431_487_to_543,0.02680094741724789,0.019603022976209913
903,543,0,431_487_to_543,0.048408423253953455,0.0375215993410849
904,543,0,431_487_to_543,0.20963577519542176,0.1903130012490746
905,543,0,431_487_to_543,0.1578341645264097,0.138734331321523
906,543,0,431_487_to_543,0.007186556017251152,0.004651032829379344
907,543,0,431_487_to_543,0.040459905803855126,0.03080506441924704
908,543,0,431_487_to_543,0.013373978840438823,0.009162222573759322
909,543,0,431_487_to_543,0.051629202138356686,0.040278480577984936
910,543,0,431_487_to_543,0.03135500996033964,0.023284050768768983
911,543,0,431_487_to_543,0.017460299491145692,0.012262490564506361
912,543,1,431_487_to_543,0.053285066572791494,0.04170324310695919
913,543,0,431_487_to_543,0.04341495103307261,0.03328692890695078
914,543,0,431_487_to_543,0.04583887984351334,0.03533631922054899
915,543,0,431_487_to_543,0.008662301982593698,0.005702191446858184
916,543,0,431_487_to_543,0.005376926299301413,0.003389756099362546
917,543,0,431_487_to_543,0.2525010944566483,0.2341723523069008
918,543,0,431_487_to_543,0.12367160800881467,0.10579061912491174
919,543,0,431_487_to_543,0.04184935293331535,0.031969700844552786
920,543,0,431_487_to_543,0.004052370686361948,0.002490581695059846
921,543,0,431_487_to_543,0.8419072567281737,0.8600282618025178
922,543,0,431_487_to_543,0.01765097984168032,0.012409036892316412
923,543,0,431_487_to_543,0.0457365125227408,0.035249529217932445
924,543,0,431_487_to_543,0.012970638767407554,0.008860751485070421
926,543,0,431_487_to_543,0.007782079297575562,0.0050730054725838325
927,543,0,431_487_to_543,0.021845653228683145,0.015669894447480515
928,543,0,431_487_to_543,0.012437506230668544,0.008463650089705083
929,543,0,431_487_to_543,0.000740600314275903,0.0003913659366071407
930,543,0,431_487_to_543,0.10491004448047289,0.08814274947896773
931,543,0,431_487_to_543,0.0256127660070682,0.018652673077431577
932,543,0,431_487_to_543,0.01864718772562294,0.0131771602917192
933,543,0,431_487_to_543,0.011685709438743575,0.007906452667751104
934,543,0,431_487_to_543,0.000927001471214853,0.0004996868737610657
935,543,0,431_487_to_543,0.07508379228588995,0.06087564803442913
936,543,0,431_487_to_543,0.004048793593801162,0.0024881861521505668
937,543,0,431_487_to_543,0.02915266108447195,0.021496524953621993
938,543,0,431_487_to_543,0.1772076559235095,0.1578173290245834
939,543,0,431_487_to_543,0.009093130550711452,0.006012378557272634
940,543,0,431_487_to_543,0.02731845779248964,0.020018297381657835
941,543,0,431_487_to_543,0.008241508561759103,0.005400621720220533
942,543,0,431_487_to_543,0.00214345296709952,0.001244541505804753
943,543,0,431_487_to_543,0.0216221514149153,0.015494461044360535
944,543,0,431_487_to_543,0.0311542908995656,0.023120587887202313
945,543,0,431_487_to_543,0.05382053716024851,0.04216502660342842
946,543,0,431_487_to_543,0.010224871633946149,0.006833663594764914
947,543,0,431_487_to_543,0.011437883010693766,0.0077235123963116615
949,543,0,431_487_to_543,0.0031654540896006375,0.0019029414433724885
950,543,0,431_487_to_543,0.013902644665248109,0.009558688146981796
951,543,0,431_487_to_543,0.3783453968070127,0.36717277692352374
952,543,0,431_487_to_543,0.005920040452772887,0.0037646989072013873
953,543,0,431_487_to_543,0.020842762734391024,0.014884118298442656
954,543,0,431_487_to_543,0.0456666473021413,0.03519030744955098
955,543,0,431_487_to_543,0.0039175055052088235,0.0024003983835865143
956,543,0,431_487_to_543,0.008978340521313775,0.005929594674137567
957,543,0,431_487_to_543,0.005224146373871045,0.0032848949165838024
958,543,1,431_487_to_543,0.16771410980503282,0.14843285758563166
959,543,0,431_487_to_543,0.03438818556311612,0.025767084935544585
960,543,0,431_487_to_543,0.012844316717596971,0.008766517254659928
961,543,0,431_487_to_543,0.018115683863455356,0.012766830034349846
962,543,0,431_487_to_543,0.02918092986798191,0.021519383535234148
963,543,0,431_487_to_543,0.03932864521096715,0.029859965553778112
964,543,0,431_487_to_543,0.06399440922797761,0.05103066486636007
965,543,0,431_487_to_543,0.14030329847361397,0.12170804942065175
968,543,0,431_487_to_543,0.0035363434127762355,0.0021470723189966844
970,543,0,431_487_to_543,0.29220966166954476,0.2755572418837444
971,543,0,431_487_to_543,0.004862118860745037,0.0030375512683314663
972,543,0,431_487_to_543,0.007842873480989401,0.005116256130793071
973,543,0,431_487_to_543,0.002025734507121355,0.0011702976499741713
974,543,0,431_487_to_543,0.050834979082124164,0.03959686448239832
975,543,0,431_487_to_543,0.004749224914137847,0.002960758837751328
976,543,0,431_487_to_543,0.005770807205534006,0.003661346090873834
977,543,0,431_487_to_543,0.07201163553225258,0.058130578476048286
978,543,0,431_487_to_543,0.16390396420426756,0.1446842698718505
979,543,0,431_487_to_543,0.0016380724214993304,0.0009286515077408159
980,543,1,431_487_to_543,0.07694772393563293,0.06254742685136935
981,543,0,431_487_to_543,0.08246137597999903,0.06751956044930021
982,543,0,431_487_to_543,0.0027352488232471263,0.0016230169834800137
983,543,0,431_487_to_543,0.007883073234385472,0.005144872535684576
984,543,0,431_487_to_543,0.06462709845945223,0.051587481829144376
985,543,0,431_487_to_543,0.011236823119040673,0.007575370677871923
986,543,0,431_487_to_543,0.008400199409635349,0.0055141852333309895
987,543,0,431_487_to_543,0.14721872346668732,0.12839541648356542
988,543,0,431_487_to_543,0.03769998624521003,0.02850438278828042
989,543,0,431_487_to_543,0.0032259837040807377,0.0019426148439868752
991,543,1,431_487_to_543,0.4174149084374333,0.409308124669536
992,543,0,431_487_to_543,0.04595466717770113,0.0354345122619493
993,543,0,431_487_to_543,0.0037617106318866196,0.002296571101180731
994,543,0,431_487_to_543,0.15518662804160982,0.1361476619167324
995,543,1,431_487_to_543,0.1989302265614676,0.17951389009897686
996,543,0,431_487_to_543,0.007971723633661469,0.005208026823080869
997,543,0,431_487_to_543,0.02848063653364787,0.020953788249744056
998,543,0,431_487_to_543,0.005684719337539501,0.003601836625495206
999,543,0,431_487_to_543,0.16228630802258187,0.14309591389290133
1000,543,0,431_487_to_543,0.005214385796635342,0.003278205175582047
1001,543,0,431_487_to_543,0.020644298712340983,0.014729059074754056
1002,543,0,431_487_to_543,0.31829572385245525,0.3030703130663504
1003,543,0,431_487_to_543,0.029098807223519985,0.021452984164868655
1004,543,0,431_487_to_543,0.005058277891308424,0.003171368768421268
1005,543,0,431_487_to_543,0.0038341738349293216,0.002344815519277993
1006,543,0,431_487_to_543,0.6836101244895263,0.6972187730971464
1007,543,0,431_487_to_543,0.012798464386720406,0.008732334067016605
1008,543,0,431_487_to_543,0.16002691739995506,0.14088064960751848
1009,543,0,431_487_to_543,0.27222324238545625,0.25464585826199687
1010,543,0,431_487_to_543,0.010311654920003814,0.006897008272530513
1011,543,0,431_487_to_543,0.004878610499462774,0.0030487829257044023
1012,543,0,431_487_to_543,0.009930127117789072,0.00661890574578778
1013,543,0,431_487_to_543,0.20330663146237124,0.18392043313547557
1014,543,0,431_487_to_543,0.0029869050921375213,0.001786317614268619
1015,543,0,431_487_to_543,0.004359799872366186,0.002697167847322954
1016,543,0,431_487_to_543,0.10776216517906059,0.09080292507349712
1017,543,0,431_487_to_543,0.04670947784268566,0.036075277770836675
1018,543,0,431_487_to_543,0.02342389103352817,0.016913717097813877
1019,543,0,431_487_to_543,0.23937588903104035,0.2206445445921294
1020,543,0,431_487_to_543,0.006244593053175731,0.003990293802279298
1021,543,0,431_487_to_543,0.025201255165019063,0.01832456163879445
1022,543,0,431_487_to_543,0.3333873927691559,0.31908853874216275
1023,543,0,431_487_to_543,0.012342677086901278,0.008393185539282364
1024,543,0,431_487_to_543,0.0026776769333967726,0.0015858442051163927
1025,543,0,431_487_to_543,0.015136573468924323,0.010489640697850721
1027,543,0,431_487_to_543,0.16291323659462625,0.14371126119862696
1029,543,0,431_487_to_543,0.002168909880775465,0.0012606458079608021
1030,543,0,431_487_to_543,0.11712070494264641,0.09958953869834672
1031,543,0,431_487_to_543,0.008367555187679527,0.005490807613597893
1032,543,0,431_487_to_543,0.006936851967109141,0.00447504915077917
1033,543,0,431_487_to_543,0.3434979306043869,0.3298570636944093
1034,543,1,431_487_to_543,0.17873670203300124,0.15933456347368513
1037,543,0,431_487_to_543,0.2889279967960679,0.27211312715689695
1038,543,0,431_487_to_543,0.0025470182955729375,0.0015017502806372392
1039,543,0,431_487_to_543,0.012398680355336342,0.008434793572323709
1040,543,0,431_487_to_543,0.0033204584723686282,0.0020046715125859116
1041,543,0,431_487_to_543,0.0038266760003547603,0.0023398197538213915
1042,543,0,431_487_to_543,0.008003329308119811,0.005230558505147095
1043,543,1,431_487_to_543,0.19944420846307964,0.1800308200832683
1044,543,1,431_487_to_543,0.18789545480438685,0.16845481742612325
1045,543,0,431_487_to_543,0.003854229440929917,0.002358182818237254
1046,543,0,431_487_to_543,0.0056434685319066155,0.0035733507234438962
1047,543,0,431_487_to_543,0.047797595063911825,0.03700095529761657
1048,543,0,431_487_to_543,0.015930053252275478,0.011092225606830174
1049,543,0,431_487_to_543,0.051555005860331814,0.04021475528428329
1050,543,0,431_487_to_543,0.017016743030657713,0.011922206110894363
1051,543,0,431_487_to_543,0.07680169907443107,0.06241628680448818
1053,543,0,431_487_to_543,0.004809352713181714,0.0030016382734757603
1054,543,0,431_487_to_543,0.11756754156035222,0.1000112216053351
1055,543,0,431_487_to_543,0.09890673346267308,0.08257162580924926
1056,543,0,431_487_to_543,0.02284099923583897,0.016453326741192275
1057,543,0,431_487_to_543,0.004064520453303421,0.00249871970817863
1058,543,0,431_487_to_543,0.005273903277437485,0.0033190152760784247
1060,543,0,431_487_to_543,0.004815504323510044,0.0030058232517395436
1061,543,0,431_487_to_543,0.011798012229970109,0.007989474439310106
1062,543,0,431_487_to_543,0.004442249388503168,0.002752802535446325
1063,543,1,431_487_to_543,0.22017833052070743,0.20101143427991128
1064,543,0,431_487_to_543,0.03833411784665275,0.029031469593349155
1065,543,0,431_487_to_543,0.007715629362672097,0.005025767182622599
1066,543,0,431_487_to_543,0.0024303410565281102,0.0014269821015254443
1067,543,0,431_487_to_543,0.04159279873659084,0.03175434280622473
1068,543,1,431_487_to_543,0.1996295614040171,0.18021727502918464
1069,543,0,431_487_to_543,0.022379813992354978,0.016089896427731672
1070,543,0,431_487_to_543,0.01342098382969632,0.009197413159764202
1071,543,0,431_487_to_543,0.010070099140615697,0.006720818698051285
1072,543,0,431_487_to_543,0.021409983063074296,0.015328090723205678
1073,543,0,431_487_to_543,0.011894227988633163,0.008060663555798495
1074,543,0,431_487_to_543,0.00263684492560261,0.0015595235019437187
1075,543,0,431_487_to_543,0.050921598962438676,0.03967114706473749
1076,543,0,431_487_to_543,0.08189703433018947,0.06700883955911949
1077,543,0,431_487_to_543,0.0852471763864268,0.0700465460030985
1078,543,0,431_487_to_543,0.002941612599175697,0.0017568322599427774
1079,543,0,431_487_to_543,0.2750048670352727,0.2575467470840913
1080,543,0,431_487_to_543,0.04238413293721213,0.03241906029408341
1081,543,0,431_487_to_543,0.0068311361884782484,0.0044007196595583975
1082,543,0,431_487_to_543,0.0034659809073163835,0.0021005712060306386
1083,543,0,431_487_to_543,0.04839494023438227,0.03751009927022377
1084,543,0,431_487_to_543,0.026623606015906992,0.019460902684827173
1085,543,0,431_487_to_543,0.003977332207943989,0.002440369748364623
1086,543,0,431_487_to_543,0.1193943617574321,0.10173719191912099
1087,543,0,431_487_to_543,0.007266780824558348,0.0047076943857950835
1088,543,0,431_487_to_543,0.01259500543627038,0.008580796192678791
1089,543,0,431_487_to_543,0.1173906414193015,0.09984425673001926
1090,543,0,431_487_to_543,0.5566260706538861,0.5605493002779751
1091,543,0,431_487_to_543,0.013095065851385536,0.0089536581701345
1092,543,0,431_487_to_543,0.09253905441555678,0.07670579403289525
1093,543,0,431_487_to_543,0.3399974951976843,0.32612559545174097
1094,543,0,431_487_to_543,0.011976913645749373,0.008121885785073472
1097,543,0,431_487_to_543,0.006314463713014345,0.004039004277033488
1098,543,0,431_487_to_543,0.0036573942595598966,0.002227268040449865
1099,543,0,431_487_to_543,0.4388991140082219,0.4325776997422616
1101,543,1,431_487_to_543,0.643542532745234,0.6544472176995437
1102,543,0,431_487_to_543,0.011192508659641788,0.0075427533282844475
1103,543,0,431_487_to_543,0.009022892265787296,0.005961712618500219
1104,543,0,431_487_to_543,0.006544380703437927,0.004199640603541317
1106,543,0,431_487_to_543,0.18131100270133477,0.16189249884221474
1107,543,0,431_487_to_543,0.3918313163667542,0.38168605532844835
1109,543,0,431_487_to_543,0.01297985587453803,0.008867630754539564
1110,543,0,431_487_to_543,0.002557270537588966,0.0015083349970198045
1111,543,0,431_487_to_543,0.0037970117988383777,0.002320063398033262
1112,543,0,431_487_to_543,0.07129160294026077,0.0574891122044749
1113,543,0,431_487_to_543,0.004559394728032922,0.0028320108886926106
1114,543,0,431_487_to_543,0.034831474913368875,0.026131934173260495
1115,543,0,431_487_to_543,0.11468187345955592,0.09729139942158874
1116,543,0,431_487_to_543,0.05297934532842788,0.041439820525782496
1117,543,0,431_487_to_543,0.023260951184015,0.016784903991762717
1118,543,0,431_487_to_543,0.18963934023020607,0.17019750117628032
1119,543,0,431_487_to_543,0.08558904304690078,0.0703573172773266
1120,543,0,431_487_to_543,0.07813298024410514,0.0636129175368015
1121,543,0,431_487_to_543,0.034531984591771064,0.025885385243094024
1122,543,1,431_487_to_543,0.1302268816601383,0.11203541840573077
1123,543,0,431_487_to_543,0.02034439883256275,0.014495029365283758
1124,543,0,431_487_to_543,0.06908632111942245,0.05552905915953329
1125,543,0,431_487_to_543,0.10693926208399603,0.09003453555343031
1126,543,0,431_487_to_543,0.15218627156957254,0.13322272842127555
1127,543,0,431_487_to_543,0.015606191766324017,0.010845918057298835
1128,543,0,431_487_to_543,0.018145870266938383,0.012790103108264202
1129,543,0,431_487_to_543,0.01866916420960679,0.01319415152880873
1130,543,0,431_487_to_543,0.0029272022901723764,0.0017474597316378267
1131,543,0,431_487_to_543,0.00963428784591436,0.006403954395067293
1132,543,0,431_487_to_543,0.08180513530246852,0.06692571067593985
1133,543,0,431_487_to_543,0.019177342955956685,0.013587598008248481
1134,543,0,431_487_to_543,0.027176339816086307,0.019904174914747396
1135,543,0,431_487_to_543,0.046932368022118816,0.03626470580050492
1136,543,0,431_487_to_543,0.06805106560899052,0.054611351464285494
1137,543,0,431_487_to_543,0.007836746784234109,0.005111896009116017
1138,543,0,431_487_to_543,0.007747888913990078,0.005048695311440023
1139,543,0,431_487_to_543,0.03064506616079515,0.022706370878423192
1140,543,0,431_487_to_543,0.11150752736486032,0.09430891553922251
1141,543,0,431_487_to_543,0.029590399111633452,0.021850740479201707
1142,543,0,431_487_to_543,0.003991119334803263,0.0024495889792191866
1144,543,1,431_487_to_543,0.2962049986422828,0.27975572309469626
1145,543,0,431_487_to_543,0.24232820218940865,0.22368027459457943
1146,543,0,431_487_to_543,0.0025776283259646626,0.001521417250333442
1147,543,0,431_487_to_543,0.04063706567842567,0.030953326653371686
1148,543,0,431_487_to_543,0.07089489117744657,0.057136001433280785
1150,543,0,431_487_to_543,0.04358885659142031,0.033433562663494606
1151,543,0,431_487_to_543,0.007907646318200501,0.005162371723188457
1152,543,0,431_487_to_543,0.29048750686849023,0.2737493355554575
1153,543,0,431_487_to_543,0.03137206907154478,0.02329794846885138
1154,543,0,431_487_to_543,0.02722157121706183,0.019940489704799214
1155,543,0,431_487_to_543,0.05835809036226254,0.04609804264162937
1156,543,0,431_487_to_543,0.28295174357915215,0.2658515006084211
1157,543,0,431_487_to_543,0.0303592718970744,0.022474207972275905
1158,543,0,431_487_to_543,0.005207989232712478,0.0032738216976429015
1159,543,0,431_487_to_543,0.0402262332954593,0.03060961309082369
1160,543,0,431_487_to_543,0.013493788446589895,0.009251942171962343
1161,543,0,431_487_to_543,0.06847835567112667,0.054989935116695206
1162,543,1,431_487_to_543,0.2945285275068307,0.27799330119296134
1163,543,0,431_487_to_543,0.015600794128933379,0.010841817149866559
1164,543,0,431_487_to_543,0.009342239524742148,0.0061923665908189835
1165,543,0,431_487_to_543,0.048393209448343306,0.037508623056167846
1166,543,0,431_487_to_543,0.0017760435482800764,0.0010141242547260102
1167,543,0,431_487_to_543,0.003986579593995319,0.0024465530067920424
1168,543,0,431_487_to_543,0.03732323901529415,0.028191673514332244
1169,543,0,431_487_to_543,0.015250727148986941,0.010576146393475537
1170,543,1,431_487_to_543,0.6333959322440974,0.6435528629562622
1171,543,0,431_487_to_543,0.2004057035638335,0.18099825486771715
1172,543,0,431_487_to_543,0.01166045422602088,0.007887792757966658
1173,543,0,431_487_to_543,0.06472206003641655,0.051671108532669076
1174,543,0,431_487_to_543,0.012475015470578424,0.008491536227514166
1175,543,0,431_487_to_543,0.006496228668927041,0.004165954332375495
1177,543,0,431_487_to_543,0.10876384066689647,0.09173918411727067
1178,543,0,431_487_to_543,0.0059848154555894005,0.0038096345507666555
1179,543,0,431_487_to_543,0.0024520629466963373,0.0014408777458987832
1180,543,0,431_487_to_543,0.0036481638226263267,0.002221144322109994
1181,543,0,431_487_to_543,0.013575657004112285,0.00931329365563351
1182,543,0,431_487_to_543,0.25899640105421845,0.24089635179030758
1185,543,0,431_487_to_543,0.11331393079282623,0.09600491442681724
1186,543,0,431_487_to_543,0.01330133847398152,0.009107863277351996
1187,543,0,431_487_to_543,0.006345730302130185,0.00406081801070988
1188,543,0,431_487_to_543,0.012487793158644869,0.008501037595862678
1189,543,0,431_487_to_543,0.11219344925961537,0.09495253239474925
1190,543,0,431_487_to_543,0.004645045204323886,0.0028900418850695813
1191,543,0,431_487_to_543,0.014716268630738837,0.010171681280179682
1192,543,0,431_487_to_543,0.013298208287189962,0.009105521490046259
1193,543,0,431_487_to_543,0.012392994224606765,0.008430568199539875
1194,543,0,431_487_to_543,0.15675492307526048,0.13767926358853175
1195,543,0,431_487_to_543,0.06452486414583528,0.05149746589744977
1196,543,0,431_487_to_543,0.1599541946053269,0.14080940956429516
1197,543,0,431_487_to_543,0.0025062817591161675,0.0014756100481774063
1198,543,0,431_487_to_543,0.1503207776318026,0.1314076311891736
1200,543,0,431_487_to_543,0.1154147239258777,0.09798136531827481
1201,543,0,431_487_to_543,0.07278047081816108,0.05881632772527333
1202,543,1,431_487_to_543,0.15910835521749433,0.13998110391429955
1203,543,0,431_487_to_543,0.003536277018876078,0.0021470284008278284
1204,543,0,431_487_to_543,0.021127682330043876,0.015106981228475544
1205,543,0,431_487_to_543,0.008691561114791777,0.00572321240628621
1206,543,0,431_487_to_543,0.004863119251935747,0.0030382324871484306
1207,543,0,431_487_to_543,0.008448857513007297,0.005549046701231717
1208,543,0,431_487_to_543,0.060776364935592055,0.04820817677994347
1210,543,0,431_487_to_543,0.018382502563223442,0.012972672909738692
1211,543,0,431_487_to_543,0.010886314387599672,0.007317718630409503
1213,543,0,431_487_to_543,0.06591580278063054,0.052723532730619645
1214,543,1,431_487_to_543,0.2180000100293024,0.19879588815767865
1216,543,0,431_487_to_543,0.0033298375465983304,0.0020108410513443326
1217,543,0,431_487_to_543,0.04253447512759862,0.0325454975860115
1218,543,0,431_487_to_543,0.006359039666683684,0.0040701065605516186
1219,543,0,431_487_to_543,0.017418104340570048,0.012230082831386293
1220,543,0,431_487_to_543,0.06804634948586744,0.054607174422723566
1222,543,0,431_487_to_543,0.00491764816706171,0.0030753834277416525
1223,543,0,431_487_to_543,0.048388271000419925,0.03750441100937251
1224,543,0,431_487_to_543,0.023980929622660078,0.017354763885178513
1225,543,0,431_487_to_543,0.021107793477481967,0.015091414500541203
1226,543,0,431_487_to_543,0.0027789503367524056,0.0016512812107575253
1227,543,0,431_487_to_543,0.009676991718747044,0.006434944267984892
1228,543,0,431_487_to_543,0.0019240934784479527,0.0011065034692603719
1229,543,0,431_487_to_543,0.0056895678636903245,0.0036051860459590307
1230,543,0,431_487_to_543,0.21584879595248074,0.19661044969179792
1231,543,0,431_487_to_543,0.020146186245326565,0.014340539637904727
1232,543,0,431_487_to_543,0.2454297317462803,0.2268739562284959
1233,543,0,431_487_to_543,0.09479262928815584,0.07877651041600899
1234,543,0,431_487_to_543,0.0032534373890660113,0.0019606313205072995
1236,543,0,431_487_to_543,0.003719852196010195,0.0022687410144879372
1237,543,0,431_487_to_543,0.06745398006445946,0.05408277695348944
1238,543,0,431_487_to_543,0.0471821858375087,0.036477134349981254
1239,543,1,431_487_to_543,0.12805355033383214,0.10996073826694408
1240,543,0,431_487_to_543,0.004026327233331471,0.0024731450671386687
1241,543,0,431_487_to_543,0.01879740682409586,0.0132933422078984
1242,543,0,431_487_to_543,0.18771524183272784,0.1682748386561477
1244,543,0,431_487_to_543,0.03410118586841111,0.025531130923336295
1245,543,0,431_487_to_543,0.002017763993897622,0.0011652844549903017
1246,543,0,431_487_to_543,0.030950890350206574,0.022955052065457438
1247,543,0,431_487_to_543,0.002373872656399551,0.001390911345578281
1248,543,0,431_487_to_543,0.014369343940141409,0.009909893518053405
1249,543,0,431_487_to_543,0.21704289310620156,0.19782323104038707
1251,543,1,431_487_to_543,0.05615314316109801,0.04418247608224134
1252,543,0,431_487_to_543,0.080484176732553,0.06573200964908589
1254,543,1,431_487_to_543,0.6503927254486143,0.6617890162906555
1256,543,0,431_487_to_543,0.0065915055483479435,0.004232630486479104
1257,543,0,431_487_to_543,0.012864949812098006,0.008781903167745887
1258,543,0,431_487_to_543,0.004731026668697173,0.002948395593653026
1259,543,0,431_487_to_543,0.04257778378798343,0.03258192888802744
1260,543,0,431_487_to_543,0.0028786882409740093,0.0017159367026597255
1261,543,0,431_487_to_543,0.005915810592406458,0.003761766143925042
1263,543,0,431_487_to_543,0.007440754995591522,0.004830768802175946
1264,543,0,431_487_to_543,0.00848036283344526,0.0055716289579082826
1265,543,0,431_487_to_543,0.021707927064575326,0.015561767696320237
1266,543,0,431_487_to_543,0.015188230508467116,0.010528778615606285
1267,543,0,431_487_to_543,0.02673388852825357,0.019549271131319004
1268,543,0,431_487_to_543,0.03978672090255248,0.030242317231043467
1269,543,0,431_487_to_543,0.009947318816165637,0.006631415672791761
1270,543,0,431_487_to_543,0.012967987541588212,0.008858772806004203
1271,543,0,431_487_to_543,0.0036046901547696054,0.0021923216907858375
1272,543,0,431_487_to_543,0.002985748132902282,0.001785563929962838
1274,543,0,431_487_to_543,0.00303582700309284,0.0018182111039307368
1277,543,0,431_487_to_543,0.004391865257289685,0.002718793387296519
1278,543,0,431_487_to_543,0.11395941654283367,0.09661173362514316
1279,543,0,431_487_to_543,0.00856477823632379,0.0056321745388045776
1280,543,0,431_487_to_543,0.2015361896988244,0.18213642957762644
1281,543,0,431_487_to_543,0.3300279295471555,0.31551689354046686
1282,543,0,431_487_to_543,0.0027864168505170807,0.001656114253403191
1283,543,0,431_487_to_543,0.05579237848395163,0.04386984055474725
1284,543,0,431_487_to_543,0.0049750085174563195,0.0031145041704767873
1285,543,0,431_487_to_543,0.003599557254238755,0.0021889207005481993
1286,543,0,431_487_to_543,0.28588669195127747,0.26892488838178147
1287,543,0,431_487_to_543,0.012153555732230616,0.008252810194147631
1288,543,0,431_487_to_543,0.07307937439396982,0.059083152698640465
1289,543,0,431_487_to_543,0.005212509862791369,0.0032769195725719466
1290,543,0,431_487_to_543,0.0814052655129455,0.06656412699447214
1291,543,0,431_487_to_543,0.004061001822306138,0.0024963626723024145
1292,543,0,431_487_to_543,0.3093596700315871,0.29361932364977666
1293,543,0,431_487_to_543,0.0026296409030373696,0.0015548835138895164
1294,543,0,431_487_to_543,0.006042881461735673,0.00384995418691542
1295,543,0,431_487_to_543,0.014700353235046343,0.010159658430305123
1296,543,0,431_487_to_543,0.0057477592741378624,0.0036454058169572427
1297,543,0,431_487_to_543,0.011198441858957537,0.0075471197079772226
1298,543,0,431_487_to_543,0.024935329915390096,0.018112817792686246
1299,543,0,431_487_to_543,0.003429671085774368,0.002076608150423415
1300,543,0,431_487_to_543,0.014166067999403458,0.009756784836548637
1301,543,0,431_487_to_543,0.1854140784288769,0.16597849098366804
1302,543,0,431_487_to_543,0.056615652520224005,0.04458360682433961
1303,543,0,431_487_to_543,0.003134120730958393,0.0018824312330098715
1304,543,0,431_487_to_543,0.0667428262062307,0.05345391127428807
1305,543,0,431_487_to_543,0.029117433919348644,0.021468042895031254
1306,543,0,431_487_to_543,0.010450555146307005,0.00699849885298355
1307,543,0,431_487_to_543,0.0044298505221096185,0.0027444300538597447
1310,543,0,431_487_to_543,0.08549813528521344,0.07027466419761777
1311,543,0,431_487_to_543,0.15133908477891317,0.13239809327608149
1312,543,0,431_487_to_543,0.0834661758364659,0.06842988787623713
1313,543,0,431_487_to_543,0.07151762556712572,0.05769039346992463
1314,543,0,431_487_to_543,0.0019350253572072988,0.0011133505659469108
1315,543,0,431_487_to_543,0.05360975110409774,0.04198318676385156
1316,543,0,431_487_to_543,0.05530007323418737,0.04344357280344615
1317,543,0,431_487_to_543,0.005585616498635045,0.003533433070383464
1318,543,0,431_487_to_543,0.006733743151682212,0.004332336213070615
1319,543,0,431_487_to_543,0.13139299835249443,0.11315032575415297
1321,543,0,431_487_to_543,0.009053748916965225,0.0059839663221927806
1322,543,1,431_487_to_543,0.3986153324862924,0.38899992020298746
1324,543,0,431_487_to_543,0.017343423165013173,0.012172743249189957
1325,543,0,431_487_to_543,0.015071682667189725,0.01044049457052783
1326,543,0,431_487_to_543,0.0029868307049802935,0.0017862691550410616
1328,543,0,431_487_to_543,0.17845991105197082,0.15905979454943936
1329,543,0,431_487_to_543,0.062112837932288945,0.04937839508835537
1330,543,0,431_487_to_543,0.022034267834649793,0.0158180832447113
1331,543,0,431_487_to_543,0.42250525269174044,0.41481612097205606
1332,543,0,431_487_to_543,0.016488427491728398,0.011518028181529742
1333,543,0,431_487_to_543,0.003493626442552508,0.0021188314511529673
1334,543,0,431_487_to_543,0.14348616333359152,0.12478112102393966
1335,543,0,431_487_to_543,0.02845644024081675,0.02093427122318976
1336,543,0,431_487_to_543,0.007571577429373155,0.004923493271043228
1337,543,0,431_487_to_543,0.0012991972795740963,0.0007215542669942697
1338,543,0,431_487_to_543,0.005524410349864147,0.0034912424759661275
1339,543,0,431_487_to_543,0.15527607445190006,0.1362349654385937
1340,543,0,431_487_to_543,0.02323397264131189,0.016763584654762777
1341,543,1,431_487_to_543,0.27536880305075884,0.2579265205135522
1342,543,0,431_487_to_543,0.2480859986063914,0.2296127723213463
1344,543,0,431_487_to_543,0.08940642093967982,0.07383715695085166
1345,543,0,431_487_to_543,0.07534770839202716,0.06111207130907479
1346,543,0,431_487_to_543,0.028489445810417957,0.020960894341520438
1347,543,0,431_487_to_543,0.02701095160696918,0.01977144264312093
1348,543,0,431_487_to_543,0.20150856888802504,0.1821086118663612
1349,543,0,431_487_to_543,0.002290649589654869,0.0013378912774724655
1350,543,0,431_487_to_543,0.043795794734824124,0.03360813046499565
1351,543,0,431_487_to_543,0.08382574634603368,0.0687559599398856
1352,543,0,431_487_to_543,0.002500962130374244,0.0014721993041098937
1353,543,0,431_487_to_543,0.003366573212257975,0.002035020827278195
1354,543,0,431_487_to_543,0.005176790932627525,0.003252449017652129
1356,543,0,431_487_to_543,0.02273575727981129,0.01637032713357551
1357,543,0,431_487_to_543,0.011439018017291582,0.007724349380918715
1358,543,0,431_487_to_543,0.039542883917964566,0.030038730317619507
1359,543,0,431_487_to_543,0.021495812250095517,0.015395373387814004
1360,543,0,431_487_to_543,0.10628445965733305,0.08942361150249348
1362,543,0,431_487_to_543,0.022854737696052403,0.016464164477951074
1363,543,0,431_487_to_543,0.005302173897290594,0.003338414789730478
1364,543,0,431_487_to_543,0.00907135298670537,0.005996665505547098
1366,543,0,431_487_to_543,0.0032970994850498913,0.0019893128782960115
1367,543,0,431_487_to_543,0.002847522739434746,0.0016957114914971487
1368,543,0,431_487_to_543,0.09242934343018062,0.0766051346248563
1369,543,0,431_487_to_543,0.018480740250499696,0.013048534660734147
1370,543,0,431_487_to_543,0.0036621562535802447,0.002230427823286258
1371,543,1,431_487_to_543,0.07216049994140815,0.05826329075978538
1372,543,0,431_487_to_543,0.100004396252759,0.08358735593139886
1373,543,0,431_487_to_543,0.1243673260773431,0.10645153801135816
1374,543,0,431_487_to_543,0.011280624130494398,0.007607622122842261
1375,543,0,431_487_to_543,0.013445845014082632,0.009216030436191711
1376,543,0,431_487_to_543,0.00472639567652479,0.002945250154919698
1377,543,1,431_487_to_543,0.18373844013897384,0.16430850492992513
1378,543,0,431_487_to_543,0.004557999315678653,0.0028310662705232233
1379,543,0,431_487_to_543,0.0028208938872597397,0.0016784462013138103
1380,543,0,431_487_to_543,0.09344970624142908,0.07754185122406607
1381,543,1,431_487_to_543,0.10972098937454929,0.09263478204339863
1382,543,0,431_487_to_543,0.013252691033719876,0.009071474644541092
1383,543,0,431_487_to_543,0.01641777034126633,0.011464068105325197
1384,543,0,431_487_to_543,0.040015235923278596,0.03043323142765323
1385,543,0,431_487_to_543,0.027815058214706204,0.020417546805086142
1387,543,0,431_487_to_543,0.03775141876061551,0.028547098619066482
1388,543,0,431_487_to_543,0.00464157812394374,0.002887690913073946
1389,543,0,431_487_to_543,0.0360457991932035,0.02713385422062131
1390,543,0,431_487_to_543,0.004938798244594016,0.00308980330549023
1391,543,0,431_487_to_543,0.004164294644992936,0.0025656325309713923
1392,543,0,431_487_to_543,0.06947989633986407,0.05587835548250525
1393,543,0,431_487_to_543,0.003812686367642067,0.002330500918845963
1394,543,0,431_487_to_543,0.0035840765847987345,0.002178666086137097
1395,543,0,431_487_to_543,0.2733700578101822,0.25584146063508245
1396,543,0,431_487_to_543,0.0024990842307168254,0.0014709954219660607
1397,543,0,431_487_to_543,0.003072932618834812,0.0018424322690316847
1398,543,0,431_487_to_543,0.10930163356932793,0.09224227872286576
1399,543,0,431_487_to_543,0.09128344387492311,0.07555461375387434
1401,543,0,431_487_to_543,0.0401350233635448,0.030533354764738174
1402,543,0,431_487_to_543,0.004536538923253029,0.0028165420850497854
1403,543,0,431_487_to_543,0.017359678425758772,0.012185221848382168
1404,543,0,431_487_to_543,0.07015654155244803,0.05647939844651552
1405,543,0,431_487_to_543,0.10249159924588704,0.08589375601047752
1406,543,0,431_487_to_543,0.018539392139072318,0.013093846133072774
1407,543,0,431_487_to_543,0.062324523535156884,0.04956400693378695
1408,543,0,431_487_to_543,0.011728675190865753,0.00793820690080557
1409,543,0,431_487_to_543,0.009599227284855828,0.006378520885278559
1410,543,1,431_487_to_543,0.13090605305328928,0.11268461896192293
1412,543,0,431_487_to_543,0.005749317962523977,0.003646483642524751
1413,543,0,431_487_to_543,0.48530449637852113,0.48298831419548893
1414,543,1,431_487_to_543,0.49661519145582067,0.49529219314906975
1415,543,0,431_487_to_543,0.26952481598068456,0.25183478120983327
1417,543,0,431_487_to_543,0.022263377728028107,0.01599825828194915
1418,543,0,431_487_to_543,0.034918528156858246,0.026203640478866225
1419,543,0,431_487_to_543,0.0025991448458272098,0.0015352542399620496
1420,543,0,431_487_to_543,0.0068436852676694105,0.004409537457724458
1421,543,0,431_487_to_543,0.0027720071014982087,0.0016467879348121934
1423,543,0,431_487_to_543,0.005197668638350808,0.0032667501767960523
1424,543,0,431_487_to_543,0.025319273623202375,0.018418606710549103
1425,543,0,431_487_to_543,0.004159516973174493,0.002562425062855345
1426,543,0,431_487_to_543,0.05503655795563527,0.04321557675247431
1427,543,0,431_487_to_543,0.13938645172959035,0.12082438105368412
1428,543,0,431_487_to_543,0.0032583944614010913,0.0019638858686247384
1429,543,0,431_487_to_543,0.02426844146363232,0.017582812232761286
1430,543,0,431_487_to_543,0.0022785201855376825,0.0013301781276006358
1431,543,0,431_487_to_543,0.011135012829614134,0.007500452212491845
1432,543,0,431_487_to_543,0.14918120266321835,0.13030017854264805
1434,543,0,431_487_to_543,0.0030418507487285965,0.0018221413705455788
1435,543,1,431_487_to_543,0.26845571995235135,0.2507218932970697
1436,543,0,431_487_to_543,0.2754214817067681,0.25798149603706744
1437,543,0,431_487_to_543,0.017572809350518685,0.012348940539795109
1438,543,0,431_487_to_543,0.03991133257626163,0.030346410408665175
1439,543,1,431_487_to_543,0.11043666393643058,0.09330504176016217
1440,543,0,431_487_to_543,0.005137723888865781,0.0032257024463226767
1442,543,1,431_487_to_543,0.09797844723376271,0.08171366442232456
1443,543,0,431_487_to_543,0.09653510860431916,0.08038157095855512
1444,543,0,431_487_to_543,0.06270537329367644,0.049898123922524296
1445,543,0,431_487_to_543,0.006807543336213024,0.004384145855765906
1446,543,0,431_487_to_543,0.09917089202900702,0.08281594604830074
1447,543,0,431_487_to_543,0.09251754967528564,0.07668606241583703
1448,543,1,431_487_to_543,0.0499751325044767,0.03886023742104654
1449,543,0,431_487_to_543,0.11530813394587723,0.09788098013724542
1450,543,0,431_487_to_543,0.02434713521411129,0.017645278022093397
1451,543,0,431_487_to_543,0.003371050254550246,0.0020379692998477345
1452,543,0,431_487_to_543,0.005136712895527588,0.0032250105342858304
1453,543,0,431_487_to_543,0.0011010044119876868,0.000602582745953822
1454,543,0,431_487_to_543,0.0038053027075764835,0.0023255837350683113
1456,543,0,431_487_to_543,0.11719335414596134,0.09965808519987523
1457,543,0,431_487_to_543,0.05398180057326013,0.042304197310933905
1458,543,0,431_487_to_543,0.006118318202773387,0.003902388995886833
1459,543,0,431_487_to_543,0.011656263561617771,0.007884696841791723
1460,543,0,431_487_to_543,0.06090591679820645,0.04832148808384759
1461,543,0,431_487_to_543,0.004316581407822253,0.0026680434130136026
1462,543,0,431_487_to_543,0.009638344026598177,0.0064068973789002896
1463,543,0,431_487_to_543,0.05800315883301718,0.04578914371556041
1464,543,0,431_487_to_543,0.01263244885860806,0.008608666874599484
1465,543,0,431_487_to_543,0.05098744840236755,0.039727626768376254
1466,543,0,431_487_to_543,0.28543477696896824,0.2684514408139503
1467,543,0,431_487_to_543,0.014117726612761092,0.009720404879403002
1468,543,0,431_487_to_543,0.0050824777402141245,0.0031879109868225724
1469,543,0,431_487_to_543,0.11152796290034857,0.09432808389075201
1470,543,0,431_487_to_543,0.016854988363882866,0.011798326788965717
1471,543,0,431_487_to_543,0.07084123359574418,0.05708825832949372
1473,543,0,431_487_to_543,0.011688139272578337,0.007908248162411223
1474,543,0,431_487_to_543,0.01010632367819185,0.006747215478809069
1475,543,0,431_487_to_543,0.007881951090086306,0.005144073546379871
1476,543,0,431_487_to_543,0.025700131850048654,0.018722401752768687
1477,543,0,431_487_to_543,0.3421613489629193,0.3284318705297651
1478,543,1,431_487_to_543,0.7572174540311616,0.7744224985693346
1479,543,0,431_487_to_543,0.0025430466772771556,0.0014992000665805434
1480,543,0,431_487_to_543,0.09069957935878134,0.07501993805228996
1481,543,0,431_487_to_543,0.0032261456570784317,0.0019427210850519114
1483,543,0,431_487_to_543,0.019359436254769873,0.013728831662399623
1484,543,0,431_487_to_543,0.010265507779028269,0.006863318344324959
1485,543,0,431_487_to_543,0.024177847928246263,0.01751092584763448
1487,543,0,431_487_to_543,0.09292269976532146,0.07705789684477102
1488,543,0,431_487_to_543,0.004902186011085341,0.0030648451004975275
1489,543,0,431_487_to_543,0.002616207800286804,0.0015462345418236045
1490,543,0,431_487_to_543,0.005041131124197535,0.00315965219195553
1491,543,0,431_487_to_543,0.002796723034919918,0.0016627873214038842
1492,543,0,431_487_to_543,0.016022242395110086,0.011162428039595983
1493,543,0,431_487_to_543,0.14216181895099683,0.1235014496448783
1494,543,0,431_487_to_543,0.04213355005023423,0.032208427324072246
1495,543,0,431_487_to_543,0.003205845023869192,0.0019294076507947939
1496,543,1,431_487_to_543,0.5155726990207269,0.5159175142798954
1498,543,0,431_487_to_543,0.19978021503742033,0.18036883951944827
1499,543,0,431_487_to_543,0.024167851946267464,0.01750299564927477
1500,543,0,431_487_to_543,0.6318538511611881,0.6418951911595978
1501,543,0,431_487_to_543,0.002685017997180158,0.00159058017830031
1502,543,0,431_487_to_543,0.1733095909360939,0.15395652841969726
1503,543,0,431_487_to_543,0.26740978953359257,0.24963358486757908
1505,543,0,431_487_to_543,0.01244204876895483,0.008467026799369759
1506,543,0,431_487_to_543,0.007447516579828996,0.004835557590782664
1508,543,0,431_487_to_543,0.019552922401244725,0.01387904551094301
1509,543,0,431_487_to_543,0.00458760121649686,0.0028511107978317976
1510,543,0,431_487_to_543,0.0019107641225076747,0.001098159447604088
1511,543,0,431_487_to_543,0.0025998317930786673,0.0015356961770817943
1512,543,0,431_487_to_543,0.041686669445339906,0.03183312386770478
1513,543,0,431_487_to_543,0.04849018014338889,0.03759133967154537
1514,543,0,431_487_to_543,0.010942629965625185,0.007359062671810819
1515,543,1,431_487_to_543,0.020263048641080934,0.01443160573083935
1516,543,1,431_487_to_543,0.4328382261457783,0.42600739912541064
1517,543,0,431_487_to_543,0.002807671994147869,0.0016698790047221031
1518,543,0,431_487_to_543,0.1776882106270231,0.1582940024909042
1519,543,0,431_487_to_543,0.18128147952743345,0.16186313849151587
1520,543,0,431_487_to_543,0.0036840265829203712,0.0022449444883246706
1522,543,0,431_487_to_543,0.026491364901248978,0.019354988022351895
1524,543,0,431_487_to_543,0.013328294235188857,0.009128031885926646
1525,543,0,431_487_to_543,0.028415395536091386,0.020901167941821144
1526,543,0,431_487_to_543,0.007193418031041165,0.0046558770760859415
1527,543,0,431_487_to_543,0.0024066987324610966,0.0014118706368575853
1528,543,0,431_487_to_543,0.0028063917302593904,0.001669049643848824
1529,543,0,431_487_to_543,0.001872922697161768,0.0010744996702999657
1530,543,0,431_487_to_543,0.08248245294499483,0.06753864262934758
1531,543,0,431_487_to_543,0.035145920238206854,0.02639103276971804
1532,543,0,431_487_to_543,0.16069041687606997,0.141530801373014
1533,543,1,431_487_to_543,0.22790162427492017,0.20888713091212788
1534,543,0,431_487_to_543,0.0037170637432333213,0.002266888084761797
1535,543,0,431_487_to_543,0.005126145155813518,0.003217778844508264
1536,543,0,431_487_to_543,0.005183682671460178,0.0032571692519595616
1537,543,0,431_487_to_543,0.0304552637307804,0.022552161254163424
1539,543,0,431_487_to_543,0.4120098149765189,0.4034636185958812
1540,543,0,431_487_to_543,0.008206291207436621,0.005375446790072817
1541,543,0,431_487_to_543,0.012532843841125487,0.008534544272328316
1542,543,0,431_487_to_543,0.010106003997892894,0.006746982488991111
1543,543,0,431_487_to_543,0.12001544825092778,0.1023247138018643
1544,543,0,431_487_to_543,0.05623118033595792,0.044250131621164895
1545,543,0,431_487_to_543,0.00370251138127703,0.00225722007562195
1546,543,0,431_487_to_543,0.0031249073615312317,0.0018764038585732856
1547,543,0,431_487_to_543,0.03833516282694961,0.029032338938667645
1548,543,0,431_487_to_543,0.12169309093759895,0.10391350952325956
1549,543,0,431_487_to_543,0.00810853328497635,0.005305618102325518
1550,543,0,431_487_to_543,0.08995752765760977,0.07434098175867818
1552,543,0,431_487_to_543,0.1054885438349292,0.08868163094555866
1554,543,1,431_487_to_543,0.06833020171974681,0.05485863878904839
1555,543,0,431_487_to_543,0.029358765706329726,0.021663236369048332
1556,543,0,431_487_to_543,0.004287336624495166,0.0026483507490261318
1557,543,0,431_487_to_543,0.007018339128442815,0.004532415167759168
1558,543,0,431_487_to_543,0.0057282450338160314,0.0036319140925382826
1559,543,0,431_487_to_543,0.19841363489203445,0.17899449532788564
1560,543,0,431_487_to_543,0.052175515331451906,0.040748002358645626
1562,543,0,431_487_to_543,0.023286659818640455,0.01680522211344438
1563,543,0,431_487_to_543,0.010942830133228736,0.007359209660783099
1565,543,1,431_487_to_543,0.12353709997376736,0.1056628904289485
1566,543,0,431_487_to_543,0.0033299283134248206,0.0020109007653013413
1567,543,0,431_487_to_543,0.005855580830809159,0.0037200270132379445
1568,543,0,431_487_to_543,0.011192209149856927,0.0075425329178814785
1569,543,0,431_487_to_543,0.04455296498992677,0.03424761112928012
1570,543,0,431_487_to_543,0.14171936527279008,0.12307424088305373
1571,543,0,431_487_to_543,0.20488310134445434,0.18551052940431179
1572,543,0,431_487_to_543,0.06903000775372413,0.05547909967003819
1573,543,0,431_487_to_543,0.27044318984751514,0.25279115473671304
1574,543,0,431_487_to_543,0.08235815029792841,0.06742611248225207
1575,543,0,431_487_to_543,0.013572040043243664,0.009310582388306319
1577,543,0,431_487_to_543,0.012319294285728791,0.00837581845279186
1578,543,0,431_487_to_543,0.03301784765774183,0.024642350001080816
1579,543,0,431_487_to_543,0.0024208686206252856,0.0014209260097309145
1580,543,0,431_487_to_543,0.008532018431159496,0.00560867143408068
1581,543,0,431_487_to_543,0.04729700330746194,0.03657480834504769
1582,543,0,431_487_to_543,0.03180150636413228,0.023648058230112477
1583,543,0,431_487_to_543,0.23661694121707727,0.2178114933436957
1584,543,0,431_487_to_543,0.012195818280708206,0.00828416158735076
1585,543,0,431_487_to_543,0.0036721128685655736,0.0022370356598742053
1586,543,0,431_487_to_543,0.026458093146449542,0.01932834842268956
1587,543,0,431_487_to_543,0.08709203207679327,0.07172530033563032
1588,543,0,431_487_to_543,0.004778123066513863,0.002980400119419264
1589,543,0,431_487_to_543,0.39261582286378405,0.38253140638331334
1590,543,0,431_487_to_543,0.008460134303846317,0.005557128729820162
1591,543,0,431_487_to_543,0.006152578489331769,0.003926222495641579
1592,543,0,431_487_to_543,0.015325382107486268,0.010632753931106348
1593,543,0,431_487_to_543,0.1265449248145372,0.10852307460503888
1594,543,0,431_487_to_543,0.022182959700488336,0.015934995294412762
1595,543,0,431_487_to_543,0.006148813471452558,0.003923602724153628
1596,543,0,431_487_to_543,0.04295881827834527,0.03290262581565392
1597,543,0,431_487_to_543,0.08778300567624628,0.07235513096230242
1598,543,0,431_487_to_543,0.01628692052030505,0.011364199378327555
1599,543,0,431_487_to_543,0.0035244494566662437,0.0021392059116119083
1600,543,0,431_487_to_543,0.06391664230916955,0.05096226624778802
1601,543,1,431_487_to_543,0.15263004843834765,0.1336549138614677
1602,543,0,431_487_to_543,0.0034052349065309814,0.002060494156264925
1603,543,0,431_487_to_543,0.23719493350476378,0.21840469940912596
1604,543,0,431_487_to_543,0.0041043102366250354,0.002525386703788325
1605,543,0,431_487_to_543,0.25186364366796,0.23351348593901317
1606,543,0,431_487_to_543,0.22930057179500055,0.21031702636760816
1607,543,0,431_487_to_543,0.022662441849225487,0.016312529258021125
1608,543,0,431_487_to_543,0.035371587526973655,0.026577128992944316
1609,543,0,431_487_to_543,0.005119087728313088,0.0032129500840899668
1610,543,1,431_487_to_543,0.4464064256966942,0.4407214509317979
1611,543,0,431_487_to_543,0.035240464129431284,0.026468983102078774
1612,543,0,431_487_to_543,0.0036239639117680656,0.0022050961394248147
1613,543,0,431_487_to_543,0.0033958369982628376,0.002054299661698677
1614,543,0,431_487_to_543,0.02827098990801164,0.020784741132924802
1615,543,0,431_487_to_543,0.04044472268583903,0.030792361115572518
1616,543,0,431_487_to_543,0.048967653054187744,0.03799888813427252
1617,543,0,431_487_to_543,0.08568146986266888,0.07044136191633923
1618,543,0,431_487_to_543,0.04042111851219457,0.030772613148012412
1619,543,0,431_487_to_543,0.0032226095941267877,0.0019404015397774307
1620,543,0,431_487_to_543,0.002787316947612967,0.0016566969613904838
1621,543,0,431_487_to_543,0.024330698108729794,0.01763222883910645
1622,543,0,431_487_to_543,0.0104849186947081,0.007023627120587204
1623,543,0,431_487_to_543,0.0067189436795629266,0.004321952912891193
1624,543,0,431_487_to_543,0.012262347112843497,0.00833353531871437
1625,543,0,431_487_to_543,0.15299178587458181,0.13400731512081637
1627,543,0,431_487_to_543,0.014304995644031752,0.009861403235480798
1629,543,1,431_487_to_543,0.476914085464748,0.47386376322615614
1630,543,0,431_487_to_543,0.003972895921568463,0.0024374038925188695
1631,543,0,431_487_to_543,0.0021219469107089137,0.0012309499179121812
1632,543,0,431_487_to_543,0.033951354539349485,0.025408030620761267
1633,543,0,431_487_to_543,0.0016859789844341634,0.0009582592041713489
1634,543,0,431_487_to_543,0.03550627365928622,0.02668825696093725
1635,543,0,431_487_to_543,0.2116121459423925,0.192313880264797
1637,543,0,431_487_to_543,0.42174562909139446,0.413993944991468
1638,543,0,431_487_to_543,0.11720524814644438,0.09966930799707803
1639,543,0,431_487_to_543,0.03524204113064606,0.0264702835066695
1640,543,0,431_487_to_543,0.15966947474825566,0.14053053254956546
1641,543,0,431_487_to_543,0.027342372771310488,0.020037507352454072
1642,543,0,431_487_to_543,0.007964373531126393,0.0052027881293899144
1643,543,0,431_487_to_543,0.09461001124067657,0.07860849357929303
1646,543,0,431_487_to_543,0.2897279154655315,0.27295227280141104
1647,543,1,431_487_to_543,0.17810217317247698,0.1587047459938994
1648,543,0,431_487_to_543,0.0046813396968797116,0.0029146622106960194
1649,543,0,431_487_to_543,0.07251823823542876,0.05858234087473737
1650,543,0,431_487_to_543,0.007349328863910761,0.004766057520174949
1651,543,0,431_487_to_543,0.018670893106463533,0.0131954883183079
1652,543,0,431_487_to_543,0.17820162227585284,0.1588034388810938
1653,543,0,431_487_to_543,0.0023266235208874307,0.0013607888045100718
1654,543,0,431_487_to_543,0.16314976508875098,0.1439434946678784
1656,543,0,431_487_to_543,0.2893830612098148,0.27259047787359914
1657,543,0,431_487_to_543,0.12347637396214606,0.10560523053332277
1658,543,0,431_487_to_543,0.13892773753526247,0.12038252944670948
1659,543,0,431_487_to_543,0.004011063167445256,0.0024629302268867506
1660,543,0,431_487_to_543,0.07632209977340815,0.06198577588103645
1661,543,0,431_487_to_543,0.10669209977570956,0.08980388334162577
1662,543,0,431_487_to_543,0.00958312934635549,0.006366846104054328
1663,543,0,431_487_to_543,0.005940751671940252,0.0037790617659615097
1664,543,0,431_487_to_543,0.022295523982533594,0.016023553383479185
1665,543,0,431_487_to_543,0.12088807124700192,0.10315079354629465
1666,543,0,431_487_to_543,0.012415999116903264,0.008447664312751986
1667,543,0,431_487_to_543,0.20121177838353724,0.18180973419004934
1668,543,0,431_487_to_543,0.009680832484761785,0.006437732114958406
1670,543,0,431_487_to_543,0.06110450799328718,0.04849523611282809
1671,543,0,431_487_to_543,0.10799259839806362,0.0910182182165923
1672,543,0,431_487_to_543,0.04301954596945104,0.0329537653157608
1673,543,1,431_487_to_543,0.04346107260033785,0.03332581159244975
1675,543,0,431_487_to_543,0.003497981090978692,0.002121708951735882
1676,543,0,431_487_to_543,0.02364065019224324,0.01708521675713249
1677,543,0,431_487_to_543,0.0037153845404364868,0.0022657723136741605
1678,543,0,431_487_to_543,0.027330071963132363,0.02002762637865813
1680,543,0,431_487_to_543,0.006864577034121873,0.004424220693820978
1681,543,0,431_487_to_543,0.01407936281417585,0.009691542234970502
1683,543,0,431_487_to_543,0.062089352063549735,0.04935780637323069
1684,543,0,431_487_to_543,0.012541722504657925,0.008541149184505608
1685,543,0,431_487_to_543,0.038786610315037384,0.02940814259856329
1686,543,0,431_487_to_543,0.006718529612435,0.004321662434103122
1687,543,0,431_487_to_543,0.0038178030507268713,0.002333908906208248
1688,543,1,431_487_to_543,0.031076302618252085,0.02305710456361927
1689,543,0,431_487_to_543,0.00940248428783078,0.006235963349558644
1690,543,0,431_487_to_543,0.18774269931664359,0.16830225912156538
1691,543,0,431_487_to_543,0.021839943518814044,0.01566541048578667
1692,543,0,431_487_to_543,0.0037146992775410424,0.002265316993783419
1693,543,0,431_487_to_543,0.0021884505572050228,0.0012730189646206007
1694,543,0,431_487_to_543,0.0025607079552742106,0.0015105432828427254
1695,543,0,431_487_to_543,0.017922008570828186,0.012617601332687016
1696,543,0,431_487_to_543,0.012368257444040855,0.008412188416471135
1697,543,0,431_487_to_543,0.022510937823849726,0.016193151103067547
1698,543,1,431_487_to_543,0.07304324848392682,0.059050897241015525
1699,543,0,431_487_to_543,0.06834364085983814,0.05487054743771745
1700,543,0,431_487_to_543,0.18700532595182295,0.16756604679573656
1701,543,0,431_487_to_543,0.061147605849578526,0.04853295087540626
1702,543,0,431_487_to_543,0.0968379158981204,0.08066084654044231
1703,543,0,431_487_to_543,0.0030340380031548646,0.0018170439846686948
1704,543,0,431_487_to_543,0.3446233387328683,0.33105745820952726
1705,543,0,431_487_to_543,0.0029900850847891687,0.001788389310167735
1706,543,1,431_487_to_543,0.2368929862362995,0.21809478372475322
1707,543,0,431_487_to_543,0.0033579874825523325,0.002029367465825794
1708,543,0,431_487_to_543,0.0734572598697652,0.0594206610618352
1709,543,0,431_487_to_543,0.009586969136411399,0.006369630684832722
1710,543,0,431_487_to_543,0.0062091802298642074,0.0039656248607725375
1712,543,0,431_487_to_543,0.1705159660960744,0.15119602393325496
1713,543,0,431_487_to_543,0.11440132201471098,0.0970274041957708
1714,543,1,431_487_to_543,0.25709757145442635,0.23892871012409536
1715,543,0,431_487_to_543,0.04048755388354079,0.03082819811854587
1716,543,0,431_487_to_543,0.01536728936954016,0.010664542074330425
1717,543,0,431_487_to_543,0.01633900316001696,0.011403941167721055
1719,543,0,431_487_to_543,0.13596559574521594,0.1175335365469728
1720,543,0,431_487_to_543,0.005174646060616202,0.0032509800867448345
1721,543,0,431_487_to_543,0.11325104458744965,0.09594581728659213
1722,543,0,431_487_to_543,0.008342129661859227,0.005472605451492575
1723,543,0,431_487_to_543,0.006342831962678649,0.004058795510323288
1724,543,0,431_487_to_543,0.03438505489306341,0.025764509974917006
1725,543,0,431_487_to_543,0.35513046119125913,0.3422807401144522
1726,543,0,431_487_to_543,0.004823918429097103,0.003011548211534202
1728,543,0,431_487_to_543,0.05252602594630405,0.04104952774155304
1729,543,0,431_487_to_543,0.06870861925002805,0.05519406197942152
1730,543,0,431_487_to_543,0.00497025806617672,0.003111262705408731
1731,543,0,431_487_to_543,0.16363624069568525,0.14442126432338878
1732,543,0,431_487_to_543,0.01139072726825152,0.0076887454660405415
1733,543,0,431_487_to_543,0.08650106890533536,0.0711870907596257
1734,543,0,431_487_to_543,0.4633088379545968,0.45907548539563015
1735,543,0,431_487_to_543,0.027104412637601126,0.019846439643305878
1736,543,0,431_487_to_543,0.25682623520889986,0.23864767186643596
1737,543,0,431_487_to_543,0.07125351871336479,0.05745520396084902
1738,543,0,431_487_to_543,0.06205201400724962,0.04932507602986904
1739,543,0,431_487_to_543,0.043717858901547724,0.03354237536743035
1740,543,0,431_487_to_543,0.00611120534717094,0.0038974424106435882
1741,543,0,431_487_to_543,0.4211301379977999,0.41332782783468663
1742,543,0,431_487_to_543,0.004227791944636011,0.0026082928591198936
1743,543,0,431_487_to_543,0.07562224983187771,0.0613581135165647
1744,543,0,431_487_to_543,0.020383816978096502,0.014525770267403126
1745,543,0,431_487_to_543,0.02029756103881888,0.01445850980290894
1746,543,0,431_487_to_543,0.18925034210305808,0.16980860431781625
1747,543,0,431_487_to_543,0.08898405226193991,0.07345126998023561
1748,543,0,431_487_to_543,0.0017158447079000379,0.0009767553584799696
1749,543,0,431_487_to_543,0.011069836754225647,0.0074525256358509125
1750,543,0,431_487_to_543,0.15963896619942503,0.14050065363982595
1751,543,0,431_487_to_543,0.003963729675572029,0.002431276801848629
1752,543,0,431_487_to_543,0.003091283285323727,0.0018544206943742832
1753,543,0,431_487_to_543,0.005122776624656187,0.003215473986692057
1754,543,0,431_487_to_543,0.0027057280525179927,0.0016039472301862053
1755,543,0,431_487_to_543,0.06363328804596054,0.050713125618922834
1756,543,0,431_487_to_543,0.08467465079694018,0.06952641975035428
1758,543,0,431_487_to_543,0.015758831941683954,0.010961944783802469
1759,543,0,431_487_to_543,0.009918585297711002,0.006610508226557413
1760,543,0,431_487_to_543,0.1528431116139964,0.1338624658310866
1761,543,0,431_487_to_543,0.051926687341560696,0.04053408339663015
1762,543,0,431_487_to_543,0.001157397643575147,0.0006362543563986361
1763,543,0,431_487_to_543,0.0035922061228061655,0.0021840507071193573
1764,543,0,431_487_to_543,0.004324477612330704,0.002673362598179759
1765,543,0,431_487_to_543,0.018510933520860896,0.013071858685051669
1766,543,0,431_487_to_543,0.23940386888779283,0.2206732951157508
1767,543,0,431_487_to_543,0.0031605352585673007,0.0018997204519416889
1768,543,0,431_487_to_543,0.026640233911119915,0.01947422409994051
1769,543,0,431_487_to_543,0.012893583092971653,0.008803258665296137
1770,543,0,431_487_to_543,0.02499625723915154,0.01816131132236192
1771,543,0,431_487_to_543,0.14799664804527585,0.12915009730378718
1772,543,0,431_487_to_543,0.015947761359925806,0.011105707348748179
1773,543,0,431_487_to_543,0.023147922458828483,0.016695601553502793
1774,543,0,431_487_to_543,0.007956328168183306,0.005197054414765145
1775,543,0,431_487_to_543,0.0015567893159856583,0.0008785940530242503
1776,543,0,431_487_to_543,0.009503018484011303,0.006308774458563454
1777,543,0,431_487_to_543,0.015008690243868169,0.010392805811793863
1778,543,0,431_487_to_543,0.002705909233646868,0.0016040642121302772
1779,543,0,431_487_to_543,0.0046358561024636225,0.0028838112525019174
1780,543,0,431_487_to_543,0.21285435668228833,0.19357262222270877
1781,543,0,431_487_to_543,0.006548948321057994,0.004202837217850894
1782,543,0,431_487_to_543,0.06944867339105498,0.055850637053221776
1783,543,0,431_487_to_543,0.014889580688287943,0.01030268628614827
1784,543,0,431_487_to_543,0.08768651541788666,0.07226714421275285
1785,543,0,431_487_to_543,0.017368988213172395,0.012192369164051614
1786,543,0,431_487_to_543,0.030045550247056692,0.022219617363878834
1787,543,0,431_487_to_543,0.08353319820702247,0.06849065398263467
1788,543,0,431_487_to_543,0.00277883749681609,0.0016512081789215032
1789,543,1,431_487_to_543,0.11591012339705202,0.0984480718092299
1790,543,0,431_487_to_543,0.0204984743930196,0.01461522125489789
1791,543,0,431_487_to_543,0.006486992163105813,0.004159495278803811
1793,543,0,431_487_to_543,0.016659769736014483,0.011648973823606744
1794,543,0,431_487_to_543,0.012943750502194965,0.008840685869371387
1795,543,0,431_487_to_543,0.004777616302073498,0.0029800555917161866
1796,543,0,431_487_to_543,0.029251661789152908,0.021576588417453416
1797,543,0,431_487_to_543,0.01136061397674088,0.007666550731607239
1798,543,0,431_487_to_543,0.033567756553168564,0.02509312758793392
1799,543,0,431_487_to_543,0.15480983893221237,0.13577996643008944
1800,543,0,431_487_to_543,0.021456824126710992,0.015364806745874213
1801,543,0,431_487_to_543,0.08683392110174226,0.07149017783664864
1802,543,0,431_487_to_543,0.015634963315015578,0.010867779843638929
1803,543,0,431_487_to_543,0.003649672035045348,0.0022221448144716964
1804,543,0,431_487_to_543,0.0026340091635394963,0.0015576968994973055
1805,543,0,431_487_to_543,0.06056319457991722,0.0480217879329317
1806,543,0,431_487_to_543,0.00539287468744718,0.003400718260525591
1807,543,0,431_487_to_543,0.007826659944365502,0.005104718306720573
1808,543,0,431_487_to_543,0.03918310150354245,0.029738579915051157
1809,543,0,431_487_to_543,0.03788048728655074,0.028654319839169145
1810,543,0,431_487_to_543,0.003515992290384342,0.0021336139871675143
1811,543,0,431_487_to_543,0.20990530066942922,0.19058573868424128
1812,543,0,431_487_to_543,0.005461617269427956,0.0034480026203351937
1814,543,0,431_487_to_543,0.015538565187658565,0.010794548067409725
1815,543,0,431_487_to_543,0.009398602377504338,0.006233153370124647
1816,543,0,431_487_to_543,0.008094414828025696,0.005295539734773628
1817,543,0,431_487_to_543,0.04914064733898138,0.03814665461316943
1819,543,0,431_487_to_543,0.00979423655468049,0.0065200940814020905
1820,543,0,431_487_to_543,0.002616434679169559,0.0015463805858032182
1821,543,0,431_487_to_543,0.004979316458272683,0.003117443934189557
1822,543,0,431_487_to_543,0.005107408297372512,0.0032049602452698207
1823,543,0,431_487_to_543,0.0018297424679513815,0.001047554181578109
1824,543,0,431_487_to_543,0.005522990452399352,0.003490264221076425
1825,543,0,431_487_to_543,0.043859596200198275,0.03366196961439032
1826,543,0,431_487_to_543,0.020494416140328757,0.01461205432457905
1827,543,0,431_487_to_543,0.06583243866075915,0.052649967424964354
1829,543,0,431_487_to_543,0.006679692300964495,0.0042944244411479
1831,543,0,431_487_to_543,0.006828373917129951,0.004398778909818516
1832,543,0,431_487_to_543,0.02821589422935361,0.020740336326620205
1833,543,0,431_487_to_543,0.013487433679507338,0.009247181466384088
1834,543,0,431_487_to_543,0.01411576409502854,0.009718928213867398
1835,543,0,431_487_to_543,0.002097661878474336,0.0012156169072171413
1836,543,0,431_487_to_543,0.02027467150219403,0.014440665802633423
1837,543,0,431_487_to_543,0.006411439216709374,0.004106693420709346
1838,543,0,431_487_to_543,0.06567470675326015,0.05251080437129836
1839,543,0,431_487_to_543,0.006501132707394586,0.00416938405327232
1840,543,0,431_487_to_543,0.09091720688020949,0.07521918427527435
1841,543,0,431_487_to_543,0.054617798598930976,0.04285350928420919
1842,543,0,431_487_to_543,0.27081644180797304,0.25317995115758785
1843,543,0,431_487_to_543,0.08312695491628207,0.06812241847854805
1844,543,0,431_487_to_543,0.014835017700230354,0.010261426626753927
1845,543,0,431_487_to_543,0.003022779294503975,0.0018097003844945538
1846,543,0,431_487_to_543,0.15915098685821388,0.1400228391202392
1847,543,0,431_487_to_543,0.01544112886832126,0.010720572401123889
1848,543,0,431_487_to_543,0.006169792587075982,0.003938202278105076
1849,543,0,431_487_to_543,0.009758176119530493,0.006493894672285752
1850,543,0,431_487_to_543,0.00926522455828668,0.006136672417833281
1851,543,0,431_487_to_543,0.09772265369174485,0.0814774168974579
1852,543,0,431_487_to_543,0.04591589193107891,0.03540162607911633
1853,543,0,431_487_to_543,0.117684006476525,0.1001211618861645
1854,543,0,431_487_to_543,0.0054016183999688345,0.0034067295358880035
1855,543,1,431_487_to_543,0.3183242574365384,0.3031005322567705
1856,543,0,431_487_to_543,0.0027436189533988444,0.0016284272851310498
1857,543,0,431_487_to_543,0.008498381900198842,0.00558454812439108
1858,543,0,431_487_to_543,0.01919145082282994,0.013598535519143437
1859,543,0,431_487_to_543,0.17582114239457905,0.15644288669879725
1860,543,0,431_487_to_543,0.02680391705691129,0.019605403642318192
1861,543,0,431_487_to_543,0.008313095333306429,0.005451826089313686
1862,543,0,431_487_to_543,0.03423630525640389,0.025642192339793465
1864,543,0,431_487_to_543,0.006058446160877111,0.0038607680278668947
1865,543,0,431_487_to_543,0.003772695076763237,0.0023038789155941887
1866,543,0,431_487_to_543,0.17106618195138135,0.15173928838296247
1867,543,0,431_487_to_543,0.22795802659559625,0.20894476140848153
1868,543,0,431_487_to_543,0.17768467023191176,0.15829049012248395
1869,543,0,431_487_to_543,0.004726964094988728,0.002945636218022446
1870,543,0,431_487_to_543,0.03768789380345011,0.028494340641343575
1871,543,0,431_487_to_543,0.22476062067424268,0.20568034719424474
1872,543,0,431_487_to_543,0.0026817749599718182,0.0015884878391746768
1873,543,0,431_487_to_543,0.0029100605341325363,0.0017363160838968462
1874,543,0,431_487_to_543,0.1021456136892292,0.08557252176348047
1875,543,0,431_487_to_543,0.41264300991480674,0.4041480650962758
1877,543,0,431_487_to_543,0.04617616138916566,0.035622423875522786
1879,543,0,431_487_to_543,0.007136580360501426,0.004615765437881321
1881,543,0,431_487_to_543,0.005912319901401785,0.0037593460274564852
1883,543,0,431_487_to_543,0.01669118427349389,0.011672996189927452
1884,543,0,431_487_to_543,0.03208982708195433,0.023883393916339885
1885,543,0,431_487_to_543,0.4876957581840075,0.4855892747382801
1887,543,0,431_487_to_543,0.028398187861094347,0.020887291100998174
1889,543,0,431_487_to_543,0.11584287013627147,0.09838469978597601
1890,543,0,431_487_to_543,0.01740136342251267,0.01221722719796625
1891,543,0,431_487_to_543,0.1428510047832738,0.12416720896362492
1892,543,0,431_487_to_543,0.0024258217587605243,0.001424092475685262
1893,543,1,431_487_to_543,0.13967716827504226,0.12110450158018775
1894,543,0,431_487_to_543,0.0384009902692793,0.02908710747684445
1895,543,0,431_487_to_543,0.1329311474126424,0.11462274904257799
1896,543,0,431_487_to_543,0.008166984564207454,0.005347360577603441
1899,543,0,431_487_to_543,0.0043879496015494365,0.0027161518160508627
1900,543,0,431_487_to_543,0.005340070964016777,0.003364434936308295
1901,543,0,431_487_to_543,0.0018613256033204598,0.0010672572900920325
1903,543,0,431_487_to_543,0.04917983764002744,0.038180137636213037
1904,543,0,431_487_to_543,0.10103248687470626,0.0845398999899833
1905,543,0,431_487_to_543,0.0425123001848938,0.03252684552787907
1906,543,0,431_487_to_543,0.008917631181619546,0.00588585259507564
1907,543,0,431_487_to_543,0.0405016958742935,0.03084003165248526
1908,543,0,431_487_to_543,0.03696838625602987,0.02789744067042544
1909,543,0,431_487_to_543,0.1802502515278532,0.16083795881709642
1910,543,0,431_487_to_543,0.1542639614347218,0.13524745530563642
1911,543,0,431_487_to_543,0.004691945067875712,0.002921859652567974
1912,543,0,431_487_to_543,0.022791024246106028,0.016413908924608197
1913,543,0,431_487_to_543,0.08882462046612656,0.07330566436904579
1914,543,0,431_487_to_543,0.018421354223609267,0.013002670439811851
1915,543,1,431_487_to_543,0.2976498886018719,0.2812755062981193
1916,543,0,431_487_to_543,0.01336956964054498,0.009158922206978502
1917,543,0,431_487_to_543,0.0041901405032376,0.0025829898335842853
1918,543,1,431_487_to_543,0.33309985056772523,0.3187827067885316
1919,543,0,431_487_to_543,0.02713726073754315,0.019872804573054657
1920,543,0,431_487_to_543,0.2670721403707422,0.2492823537759804
1921,543,0,431_487_to_543,0.009084992157089028,0.006006506090631908
1922,543,0,431_487_to_543,0.008100059601606592,0.005299569022399576
1923,543,0,431_487_to_543,0.0038492195288835104,0.002354843058777003
1924,543,0,431_487_to_543,0.0040972377325109366,0.0025206450054262187
1925,543,0,431_487_to_543,0.009358909989123679,0.006204427708906627
1926,543,0,431_487_to_543,0.040695787530552384,0.031002485185832478
1927,543,0,431_487_to_543,0.010486996425855107,0.0070251467069960705
1928,543,0,431_487_to_543,0.01218717265547752,0.008277747205547576
1929,543,0,431_487_to_543,0.015944037030651365,0.011102871778231304
1930,543,0,431_487_to_543,0.011766644018367522,0.007966277338293278
1931,543,0,431_487_to_543,0.008477177730899363,0.005569345595622472
1932,543,0,431_487_to_543,0.006854347138830064,0.004417030358867488
1933,543,0,431_487_to_543,0.007536735520735209,0.004898783306344823
1934,543,0,431_487_to_543,0.36681836109400695,0.35479757033151504
1935,543,0,431_487_to_543,0.004507980340345668,0.002797223647548128
1936,543,0,431_487_to_543,0.0012262926801646858,0.0006775886760029845
1937,543,0,431_487_to_543,0.002207120081941972,0.00128484977826143
1938,543,0,431_487_to_543,0.30848493599941224,0.2926955989447351
1939,543,0,431_487_to_543,0.03285335468871326,0.0245076608041114
1940,543,0,431_487_to_543,0.022080752280422816,0.015854624161145726
1941,543,0,431_487_to_543,0.014775120462883944,0.010216150197717768
1942,543,0,431_487_to_543,0.02294454437194018,0.01653502552891493
1943,543,0,431_487_to_543,0.006001772033886539,0.0038214050767645326
1944,543,0,431_487_to_543,0.0028452225179357534,0.0016942195250637425
1945,543,0,431_487_to_543,0.07724175634278029,0.0628115740168912
1946,543,0,431_487_to_543,0.033129523822010516,0.02473383177202456
1947,543,0,431_487_to_543,0.003783669588477807,0.0023111820522779534
1948,543,0,431_487_to_543,0.007314008620485741,0.004741077893729768
1949,543,0,431_487_to_543,0.019442595932079847,0.013793374971856143
1950,543,0,431_487_to_543,0.07016097620707748,0.056483339786475316
1951,543,0,431_487_to_543,0.21214464687726534,0.19285336159485045
1953,543,0,431_487_to_543,0.01805001711729637,0.012716215531880551
1954,543,0,431_487_to_543,0.009011110389644063,0.0059532174563205345
1955,543,0,431_487_to_543,0.008603249923943991,0.005659786309686722
1956,543,0,431_487_to_543,0.12108448113013194,0.10333682614635144
1957,543,0,431_487_to_543,0.03598847975624633,0.027086480408914728
1958,543,0,431_487_to_543,0.12057387368932203,0.10285327185777089
1959,543,0,431_487_to_543,0.004322678615713019,0.0026721506473228545
1960,543,0,431_487_to_543,0.0265434826710642,0.01939672383377917
1961,543,0,431_487_to_543,0.022867502667174973,0.01647423485180236
1962,543,0,431_487_to_543,0.00475330274978405,0.0029635297698986443
1963,543,0,431_487_to_543,0.05273726815664334,0.041231354497357965
1964,543,0,431_487_to_543,0.01104532067410856,0.007434504906416217
1965,543,0,431_487_to_543,0.008268587013739623,0.005419985443096267
1966,543,0,431_487_to_543,0.002292188011402262,0.001338869830365901
1967,543,0,431_487_to_543,0.01531510791387291,0.010624961876943936
1968,543,0,431_487_to_543,0.019260593729783552,0.013652151917506794
1969,543,0,431_487_to_543,0.004222775010813784,0.0026049201221269133
1970,543,0,431_487_to_543,0.009943350021118666,0.006628527508293613
1971,543,0,431_487_to_543,0.00809399978630132,0.0052952434847987374
1972,543,0,431_487_to_543,0.02662357041401019,0.01946087416332362
1974,543,1,431_487_to_543,0.0656196659574023,0.05246225204701274
1975,543,0,431_487_to_543,0.0040261843052585185,0.0024730494021118227
1976,543,0,431_487_to_543,0.008850823098897623,0.005837748563696747
1977,543,0,431_487_to_543,0.13622198162607238,0.11777983545483388
1978,543,0,431_487_to_543,0.05986449391483764,0.047411381123009175
1979,543,0,431_487_to_543,0.034800781939585475,0.026106656636566035
1980,543,0,431_487_to_543,0.023627879639328483,0.017075108314065616
1981,543,0,431_487_to_543,0.020183628256049004,0.014369710984412169
1982,543,0,431_487_to_543,0.05475555458433443,0.04297258219059003
1983,543,1,431_487_to_543,0.09663504893572522,0.08047373337930895
1985,543,0,431_487_to_543,0.002630210535925723,0.0015552503630636432
1986,543,1,431_487_to_543,0.31393727049612125,0.2984574507489831
1987,543,0,431_487_to_543,0.018366613761492564,0.012960406894326187
1988,543,0,431_487_to_543,0.02221113977449297,0.01595716129844634
1989,543,0,431_487_to_543,0.0046782862412807465,0.002912590228519229
1990,543,0,431_487_to_543,0.006326409749117909,0.0040473374819771
1991,543,0,431_487_to_543,0.12900607510361445,0.1108695093013273
1992,543,0,431_487_to_543,0.12378960193473149,0.10590267976207796
1993,543,0,431_487_to_543,0.047330601059663996,0.03660339444411588
1994,543,0,431_487_to_543,0.04652316007121226,0.03591700642439482
1995,543,0,431_487_to_543,0.0012895391536688642,0.0007157169567891616
1996,543,0,431_487_to_543,0.008745912287771643,0.005762278106305538
1997,543,0,431_487_to_543,0.011063559373988171,0.007447911038956619
1998,543,0,431_487_to_543,0.003917946089671353,0.0024006925446372223
1999,543,0,431_487_to_543,0.025229862265660426,0.018347353628003528
2000,543,0,431_487_to_543,0.03209519480772118,0.02388777728997655
2001,543,1,431_487_to_543,0.35611025076161223,0.3433287483217306
2002,543,0,431_487_to_543,0.01771076434145348,0.012455015970154798
2003,543,0,431_487_to_543,0.02155136727848362,0.01543893800300975
2004,543,0,431_487_to_543,0.0026211693708945946,0.0015494286096716693
2005,543,0,431_487_to_543,0.014494839294505289,0.010004522009102217
2006,543,0,431_487_to_543,0.014893289281698996,0.010305491196877872
2007,543,0,431_487_to_543,0.003293140497657437,0.001986710801468249
2008,543,0,431_487_to_543,0.010074025062212744,0.006723679080082058
2011,543,0,431_487_to_543,0.007243767180538283,0.0046914342261522414
2012,543,0,431_487_to_543,0.0031783456152133134,0.0019113853302108437
2013,543,0,431_487_to_543,0.01460018347284822,0.01008401685980655
2014,543,0,431_487_to_543,0.11652926017245709,0.09903168375221674
2015,543,0,431_487_to_543,0.0029346739643376822,0.0017523188225681732
2016,543,0,431_487_to_543,0.03274193152758786,0.024416465651502985
2017,543,0,431_487_to_543,0.002112465981094832,0.001224961993447601
2018,543,0,431_487_to_543,0.0030245394002392533,0.0018108482675113962
2019,543,0,431_487_to_543,0.0024741775042898565,0.001455035962928407
2020,543,0,431_487_to_543,0.0019035181101373314,0.0010936257131229856
2021,543,0,431_487_to_543,0.03297280876264384,0.024605464570052686
2022,543,0,431_487_to_543,0.0053558951828201334,0.003375304879538072
2023,543,0,431_487_to_543,0.011941672690929772,0.008095787682537428
2024,543,0,431_487_to_543,0.03664556905039206,0.027630028354220657
2025,543,0,431_487_to_543,0.15421196993873948,0.13519674873929752
2026,543,0,431_487_to_543,0.11497535650508703,0.09756764559426215
2027,543,0,431_487_to_543,0.003687551617428047,0.0022472850011589483
2028,543,0,431_487_to_543,0.023395489031844113,0.016891257231006082
2029,543,0,431_487_to_543,0.028488805894939392,0.020960378139689758
2030,543,0,431_487_to_543,0.03527588801901377,0.02649819531846798
2032,543,1,431_487_to_543,0.1785329824670932,0.15913232717680897
2033,543,0,431_487_to_543,0.00655177363169593,0.004204814594445305
2034,543,0,431_487_to_543,0.0030960405913453,0.001857529677312442
2035,543,0,431_487_to_543,0.06788691869906019,0.05446598678951167
2036,543,0,431_487_to_543,0.041330174906228166,0.031534036248133
2037,543,0,431_487_to_543,0.035684905819945524,0.02683571232048223
2038,543,0,431_487_to_543,0.01591479745782306,0.011080612056975686
2040,543,0,431_487_to_543,0.017607315469884015,0.01237546512693299
2041,543,0,431_487_to_543,0.002945446408171278,0.001759326485320527
2042,543,0,431_487_to_543,0.060668885239121596,0.04811419110309728
2043,543,0,431_487_to_543,0.011076146355235978,0.007457164169109258
2044,543,0,431_487_to_543,0.05423564445416897,0.04252335765251657
2045,543,0,431_487_to_543,0.18947865430866595,0.17003684550914977
2046,543,0,431_487_to_543,0.23404274459805374,0.21517155751095912
2047,543,0,431_487_to_543,0.01981771438743947,0.014084855905934458
2048,543,0,431_487_to_543,0.127640789008526,0.10956718886881947
2049,543,0,431_487_to_543,0.03764245523154188,0.028456609293342622
2050,543,0,431_487_to_543,0.009882840722547958,0.0065845072844931875
2051,543,1,431_487_to_543,0.46955323300942986,0.46586152617414106
2052,543,0,431_487_to_543,0.1597129420778814,0.14057310398666056
2053,543,0,431_487_to_543,0.0036653439432861304,0.0022325431976010705
2054,543,0,431_487_to_543,0.23717195397818583,0.2183811118655454
2055,543,0,431_487_to_543,0.00392072084949472,0.0024025452126018657
2056,543,0,431_487_to_543,0.015156165729532118,0.010504483238464257
2057,543,0,431_487_to_543,0.009334235677762846,0.006186576508793199
2058,543,0,431_487_to_543,0.005386540776314164,0.0033963642752240244
2059,543,0,431_487_to_543,0.1492445586254733,0.13036172186610498
2060,543,0,431_487_to_543,0.09867637527032337,0.08235863024305887
2061,543,1,431_487_to_543,0.2956928482195366,0.2792172070984809
2062,543,0,431_487_to_543,0.02432300699396261,0.017626123277935002
2063,543,0,431_487_to_543,0.023623296633916314,0.01707148080154585
2064,543,0,431_487_to_543,0.0038134543339240702,0.002331012399383108
2065,543,0,431_487_to_543,0.015280149093739443,0.010598452546321135
2066,543,0,431_487_to_543,0.033674419647873835,0.025180651994177166
2068,543,0,431_487_to_543,0.007176255499708903,0.00464376197358331
2069,543,0,431_487_to_543,0.007647518062861639,0.004977387186183593
2070,543,0,431_487_to_543,0.0007252128427984217,0.00038252426301739776
2071,543,0,431_487_to_543,0.0034674903389250887,0.00210156786596257
2074,543,0,431_487_to_543,0.26595949967768184,0.24812529927944885
2075,543,0,431_487_to_543,0.006001879938409106,0.003821479989263384
2076,543,0,431_487_to_543,0.0062594492107604345,0.004000646608213772
2077,543,0,431_487_to_543,0.024717369754060584,0.01793943612215544
2079,543,0,431_487_to_543,0.12999093626069924,0.11180998015063018
2080,543,0,431_487_to_543,0.029336835893185042,0.02164549232635995
2081,543,0,431_487_to_543,0.14879790557932132,0.1299279151311637
2082,543,0,431_487_to_543,0.004577858972799411,0.0028445126608351834
2083,543,0,431_487_to_543,0.0017308380099587592,0.0009860517596090746
2084,543,0,431_487_to_543,0.005357991627000176,0.0033767451865593604
2085,543,0,431_487_to_543,0.0034148938508872535,0.002066862323346467
2086,543,0,431_487_to_543,0.0032319298401011563,0.0019465158217601764
2087,543,0,431_487_to_543,0.002863751396673176,0.001706240786358116
2088,543,0,431_487_to_543,0.0036246436337864407,0.002205546764969614
2089,543,0,431_487_to_543,0.03674536985352351,0.027712674095304785
2090,543,0,431_487_to_543,0.06945433492730446,0.055855663023839486
2091,543,0,431_487_to_543,0.1417449642812949,0.12309895348423784
2092,543,0,431_487_to_543,0.2224701200292295,0.203345148990799
2093,543,0,431_487_to_543,0.19565466483021401,0.1762232875998904
2094,543,0,431_487_to_543,0.01619169786401676,0.0112915715156616
2095,543,0,431_487_to_543,0.006116096378990088,0.0039008437871890646
2096,543,0,431_487_to_543,0.07520739062898486,0.060986359011277545
2097,543,0,431_487_to_543,0.003916671731978895,0.0023998417139755234
2098,543,0,431_487_to_543,0.4394127686906597,0.4331347139725041
2099,543,0,431_487_to_543,0.038397665388941835,0.029084340933314815
2100,543,0,431_487_to_543,0.008075628496666053,0.005282131781814619
2102,543,0,431_487_to_543,0.007193344191669314,0.004655824946808906
2103,543,0,431_487_to_543,0.11861460708035028,0.1010000944564061
2104,543,0,431_487_to_543,0.1016940551805471,0.08515346046822078
2105,543,1,431_487_to_543,0.12065417011506116,0.102929297770144
2106,543,1,431_487_to_543,0.31503661050543796,0.2996203827534986
2107,543,0,431_487_to_543,0.01547909453615043,0.01074939134921562
2108,543,0,431_487_to_543,0.007025392540411461,0.00453738360520449
2109,543,0,431_487_to_543,0.003932597026494144,0.002410476114873768
2110,543,0,431_487_to_543,0.0033826812596937086,0.0020456308575073066
2111,543,0,431_487_to_543,0.021165010043947413,0.01513620104430465
2112,543,0,431_487_to_543,0.0033956813382001864,0.0020541970736964467
2113,543,0,431_487_to_543,0.009007300829964725,0.005950470847968113
2114,543,0,431_487_to_543,0.002380468111765385,0.001395120431710802
2115,543,0,431_487_to_543,0.007137186589818915,0.004616193111603634
2116,543,0,431_487_to_543,0.000913106235165871,0.0004915398734517593
2117,543,0,431_487_to_543,0.08913037294213605,0.07358492823905956
2118,543,0,431_487_to_543,0.11266761344223647,0.09539772617445903
2119,543,0,431_487_to_543,0.0202927907557486,0.014454790867862735
2120,543,0,431_487_to_543,0.11996184602546521,0.10227399395698848
2121,543,0,431_487_to_543,0.004348065906493404,0.002689257845016539
2123,543,0,431_487_to_543,0.009055122713517693,0.005984957265027586
2124,543,0,431_487_to_543,0.001912677981393012,0.0010993571812663737
2125,543,0,431_487_to_543,0.004375873996315092,0.0027080067523387336
2126,543,0,431_487_to_543,0.005575195520708137,0.003526246670431004
2127,543,0,431_487_to_543,0.180445381958948,0.16103189085083183
2128,543,1,431_487_to_543,0.11554888940689655,0.09810773651253704
2129,543,0,431_487_to_543,0.0020466371016261108,0.0011834530920991197
2130,543,0,431_487_to_543,0.007231406585928462,0.004682702898619593
2131,543,0,431_487_to_543,0.010676633411931657,0.0071639605595006815
2132,543,0,431_487_to_543,0.027988320409228058,0.02055701537370204
2133,543,0,431_487_to_543,0.003270381527178117,0.0019717577849142917
2134,543,0,431_487_to_543,0.004096254589481816,0.0025199859247767584
2135,543,0,431_487_to_543,0.04556892722350799,0.03510749066896205
2136,543,1,431_487_to_543,0.17514746154122204,0.1557755411502129
2137,543,0,431_487_to_543,0.0020273088257996797,0.0011712880548934816
2138,543,0,431_487_to_543,0.030097496007468385,0.022261753448646848
2139,543,0,431_487_to_543,0.003033078609855377,0.001816418115124233
2140,543,0,431_487_to_543,0.008893941714471108,0.005868791512084754
2141,543,0,431_487_to_543,0.013626390033607551,0.009351330356553077
2142,543,0,431_487_to_543,0.004014720377832572,0.0024653773408435074
2144,543,0,431_487_to_543,0.032880533047806415,0.024529910016408366
2145,543,0,431_487_to_543,0.10421377982151861,0.08749463437268805
2146,543,0,431_487_to_543,0.052734890123767246,0.04122930716086763
2147,543,0,431_487_to_543,0.004948631458511065,0.003096509404341825
2148,543,0,431_487_to_543,0.007076540722520371,0.004573426312511584
2149,543,0,431_487_to_543,0.027583979635225592,0.020231676505064702
2151,543,1,431_487_to_543,0.9272258625857032,0.9407336586476038
2152,543,0,431_487_to_543,0.07423170897396866,0.060112977815811874
2153,543,0,431_487_to_543,0.3486547063802612,0.3353602106240386
2154,543,0,431_487_to_543,0.0034190243486355524,0.0020695860697729474
2155,543,0,431_487_to_543,0.3073811590438865,0.2915303714218607
2156,543,0,431_487_to_543,0.006634769321039742,0.004262936645262669
2157,543,0,431_487_to_543,0.4097122825138114,0.40098063608781986
2158,543,0,431_487_to_543,0.008467997380909802,0.005562764760845025
2159,543,0,431_487_to_543,0.026321458135046983,0.019218984959034686
2160,543,0,431_487_to_543,0.1137310556541686,0.0963970052749931
2162,543,0,431_487_to_543,0.0037866015615170977,0.002313133499263613
2163,543,0,431_487_to_543,0.20142701007285452,0.18202647428312352
2166,543,1,431_487_to_543,0.31053690201744866,0.2948628926443701
2167,543,0,431_487_to_543,0.24568081942470796,0.22713270461498744
2168,543,0,431_487_to_543,0.0032581214044543126,0.001963706582393101
2169,543,0,431_487_to_543,0.03250716751422277,0.024224426670336082
2170,543,0,431_487_to_543,0.0074191933967601605,0.004815500835092915
2171,543,0,431_487_to_543,0.009477857495083388,0.006290544975260287
2172,543,0,431_487_to_543,0.012891186004737099,0.008801470675726463
2173,543,0,431_487_to_543,0.0254174270168622,0.01849685572878233
2174,543,0,431_487_to_543,0.0799510609519845,0.06525088975581018
2175,543,0,431_487_to_543,0.1574307931974733,0.13833989267740485
2176,543,0,431_487_to_543,0.04124517006383113,0.03146276032757748
2178,543,0,431_487_to_543,0.00844546927020346,0.0055466185590312715
2179,543,0,431_487_to_543,0.06405094620677952,0.051080396889350524
2180,543,0,431_487_to_543,0.07360112632321313,0.059549207429884135
2181,543,0,431_487_to_543,0.033842759967040614,0.025318845467720476
2182,543,0,431_487_to_543,0.03846067895578596,0.029136777126908476
2183,543,0,431_487_to_543,0.004649806264186446,0.0028932705452843657
2184,543,0,431_487_to_543,0.005799479673019895,0.003681184555073534
2185,543,0,431_487_to_543,0.00983673442992035,0.00655098223593654
2186,543,0,431_487_to_543,0.006797787317391795,0.004377293879574371
2187,543,0,431_487_to_543,0.2801803038663133,0.2629524087594153
2188,543,0,431_487_to_543,0.003299745682678631,0.0019910522710787394
2189,543,0,431_487_to_543,0.019960410923612927,0.014195880298373811
2190,543,0,431_487_to_543,0.0019143952315043256,0.0011004319643587086
2191,543,0,431_487_to_543,0.42226515536188425,0.41455624402036806
2192,543,1,431_487_to_543,0.05916031149348349,0.04679698633346083
2193,543,0,431_487_to_543,0.00600262042387931,0.0038219940731696878
2194,543,0,431_487_to_543,0.002178848594584922,0.001266937756806821
2195,543,0,431_487_to_543,0.02437883177544563,0.01767044397413921
2196,543,0,431_487_to_543,0.022647744386513617,0.016300944831917116
2197,543,0,431_487_to_543,0.06135993229475905,0.04871880013712927
2198,543,0,431_487_to_543,0.0031767686948061093,0.0019103522884181042
2199,543,0,431_487_to_543,0.0038312645582139968,0.0023428769788724976
2200,543,0,431_487_to_543,0.0018600692888225035,0.0010664729643136905
2202,543,1,431_487_to_543,0.2460388930943609,0.22750175475272544
2203,543,0,431_487_to_543,0.012742673600346295,0.008690757523805095
2204,543,0,431_487_to_543,0.015365179959804185,0.010662941811149554
2205,543,0,431_487_to_543,0.21578411638769296,0.19654478046588758
2206,543,0,431_487_to_543,0.07539920035855167,0.06115821026879601
2207,543,0,431_487_to_543,0.01467673540154002,0.010141819304543439
2208,543,0,431_487_to_543,0.004611597262836712,0.002867368074472083
2209,543,0,431_487_to_543,0.0030591130571214526,0.0018334082670326433
2210,543,0,431_487_to_543,0.18273020957898034,0.16330455422740758
2211,543,0,431_487_to_543,0.023527212294628386,0.01699544500451639
2212,543,1,431_487_to_543,0.6851214264961482,0.6988232853887504
2213,543,0,431_487_to_543,0.25941554325756017,0.24133089853973358
2215,543,0,431_487_to_543,0.007150587966412645,0.004625648178353851
2216,543,0,431_487_to_543,0.05953618194633183,0.047124830464384294
2217,543,0,431_487_to_543,0.00318883288961243,0.001918256730426059
2218,543,0,431_487_to_543,0.176524163685133,0.15713962501106363
2221,543,0,431_487_to_543,0.004418042995669664,0.0027364588694577144
2222,543,0,431_487_to_543,0.02235702628797215,0.01607195819706263
2223,543,0,431_487_to_543,0.38075479092929726,0.36976305252683983
2224,543,0,431_487_to_543,0.010877708115384178,0.007311402126277086
2225,543,0,431_487_to_543,0.02968281921489554,0.021925595422525573
2226,543,0,431_487_to_543,0.0013963904066913052,0.0007805083292582384
2227,543,0,431_487_to_543,0.003044782752167509,0.0018240546466898866
2228,543,1,431_487_to_543,0.12609744555894536,0.10809703834920924
2229,543,0,431_487_to_543,0.1321461708504232,0.11387105705951123
2230,543,0,431_487_to_543,0.14905399066304703,0.13017661566577376
2231,543,0,431_487_to_543,0.015230588386793477,0.010560880660023284
2232,543,0,431_487_to_543,0.030743719698893328,0.02278656326098267
2233,543,0,431_487_to_543,0.0032222163744986057,0.0019401436143833275
2234,543,0,431_487_to_543,0.007236537036587602,0.004686326799189039
2235,543,0,431_487_to_543,0.024205084604947164,0.017532535429109413
2236,543,0,431_487_to_543,0.012367385627602635,0.008411540708404778
2237,543,0,431_487_to_543,0.0031566685970609324,0.0018971887695002335
2238,543,0,431_487_to_543,0.006801506909646818,0.004379906165383142
2239,543,0,431_487_to_543,0.10022961460256104,0.08379592632838283
2240,543,0,431_487_to_543,0.00598794839491988,0.0038118090709189133
2241,543,0,431_487_to_543,0.07911156261360568,0.06449401841810966
2242,543,0,431_487_to_543,0.024257328560972503,0.017573992637643848
2243,543,0,431_487_to_543,0.019837088510107924,0.014099925226474602
2244,543,0,431_487_to_543,0.0031821209535517194,0.0019138587456540522
2245,543,0,431_487_to_543,0.021566790846255294,0.015451034695667009
2247,543,0,431_487_to_543,0.05775083990185733,0.045569676348244284
2248,543,0,431_487_to_543,0.2196284930220831,0.2004519580923668
2250,543,0,431_487_to_543,0.025434103371779888,0.01851015335169483
2252,543,0,431_487_to_543,0.0018806136562501217,0.0010793048877406777
2253,543,0,431_487_to_543,0.15879078992556644,0.13967025875073405
2254,543,0,431_487_to_543,0.00776145406877492,0.005058339259031911
2255,543,0,431_487_to_543,0.15824422233864113,0.139135433249655
2256,543,0,431_487_to_543,0.08392968225181373,0.06885024311392443
2257,543,0,431_487_to_543,0.06378509643825721,0.050846588469784855
2258,543,0,431_487_to_543,0.0628612156743722,0.050034908926621637
2260,543,0,431_487_to_543,0.0044757042681621935,0.0027754039684794183
2261,543,0,431_487_to_543,0.006794591099186335,0.004375049267452495
2262,543,0,431_487_to_543,0.00973174866919189,0.006474699821651739
2263,543,0,431_487_to_543,0.005767153416215783,0.0036588186871235294
2264,543,0,431_487_to_543,0.0028994303254383734,0.0017294084883899895
2266,543,0,431_487_to_543,0.0038779441335455374,0.002373997100058105
2267,543,0,431_487_to_543,0.12224877600207414,0.10444034644637712
2268,543,0,431_487_to_543,0.2844186098516399,0.26738714245295786
2269,543,0,431_487_to_543,0.0062946414961343854,0.004025180093840703
2270,543,0,431_487_to_543,0.002250943597671383,0.0013126557869299251
2271,543,0,431_487_to_543,0.10463805388360796,0.08788950734569166
2272,543,0,431_487_to_543,0.05045374799036231,0.03927009651391572
2273,543,0,431_487_to_543,0.0451539829614483,0.034756042853192524
2274,543,0,431_487_to_543,0.017803451047398684,0.01252632955443582
2275,543,0,431_487_to_543,0.005589745147708532,0.0035362805650471533
2276,543,0,431_487_to_543,0.03529308925604799,0.02651238137935724
2277,543,0,431_487_to_543,0.017519288424598007,0.01230780951532238
2278,543,0,431_487_to_543,0.04314986878265913,0.03306353772723687
2279,543,0,431_487_to_543,0.017255721669921634,0.012105437626653047
2280,543,0,431_487_to_543,0.0013453319062512756,0.0007494906769389186
2281,543,0,431_487_to_543,0.008152264067156743,0.005336845424569733
2282,543,0,431_487_to_543,0.010302512931852706,0.006890332988428132
2283,543,0,431_487_to_543,0.06163166007306317,0.04895674798942095
2284,543,0,431_487_to_543,0.004509566936355464,0.0027982966070000757
2285,543,0,431_487_to_543,0.020332017370954556,0.014485374692863496
2286,543,0,431_487_to_543,0.21012384412763802,0.19080691684039028
2287,543,0,431_487_to_543,0.08005788480419515,0.06534726534688697
2288,543,0,431_487_to_543,0.04501101370395354,0.03463503159217853
2289,543,0,431_487_to_543,0.019769468176821566,0.014047336020218565
2290,543,0,431_487_to_543,0.02607583070523992,0.019022528307457175
2291,543,0,431_487_to_543,0.17358744764507805,0.15423138567005487
2292,543,0,431_487_to_543,0.020246148343255957,0.014418432792685933
2293,543,0,431_487_to_543,0.06549995339011982,0.052356667581691795
2294,543,0,431_487_to_543,0.002224557541765488,0.0012959079570447323
2295,543,0,431_487_to_543,0.004137152177148479,0.002547415027355952
2296,543,0,431_487_to_543,0.0011028732628766854,0.0006036961961702204
2297,543,0,431_487_to_543,0.05338407577559643,0.041788589267370585
2298,543,0,431_487_to_543,0.014312608140742419,0.009867138610110586
2299,543,0,431_487_to_543,0.046972455112030964,0.036298785000520785
2300,543,0,431_487_to_543,0.00732423098014686,0.004748306328545935
2301,543,0,431_487_to_543,0.01912625200668491,0.013547994993950981
2302,543,0,431_487_to_543,0.01689157459749673,0.011826336122419028
2303,543,0,431_487_to_543,0.024922564645644296,0.018102659120589264
2304,543,0,431_487_to_543,0.19790998454456563,0.1784882668877589
2305,543,0,431_487_to_543,0.004424931748800994,0.0027411091860144346
2307,543,0,431_487_to_543,0.015539946512799666,0.010795597122352509
2308,543,0,431_487_to_543,0.06049496255476549,0.04796214361185795
2309,543,0,431_487_to_543,0.1830295260231433,0.16360253088771737
2310,543,0,431_487_to_543,0.015431804683324628,0.010713495657349727
2311,543,0,431_487_to_543,0.07042704251935557,0.05671986027953112
2312,543,0,431_487_to_543,0.0023147141298990137,0.0013532048898964822
2314,543,0,431_487_to_543,0.006564932765586642,0.004214025439773779
2316,543,0,431_487_to_543,0.49063811896291243,0.4887898904289371
2317,543,0,431_487_to_543,0.0022897594225132936,0.0013373250906332595
2318,543,0,431_487_to_543,0.0044874094254132935,0.0027833153822215246
2319,543,0,431_487_to_543,0.041549558216259344,0.031718059534837015
2320,543,0,431_487_to_543,0.03290429333156167,0.024549362629155653
2321,543,0,431_487_to_543,0.14652253665928597,0.12772043950613132
2322,543,0,431_487_to_543,0.002405607063991933,0.00141117319652416
2323,543,0,431_487_to_543,0.1821939824512162,0.1627708738651257
2324,543,0,431_487_to_543,0.005447050587898491,0.0034379783863046254
2326,543,0,431_487_to_543,0.02245750728887058,0.016151069453609536
2327,543,0,431_487_to_543,0.17479597729591076,0.1554274848510651
2328,543,0,431_487_to_543,0.007637740680733629,0.004970445520049496
2329,543,0,431_487_to_543,0.027613194563563925,0.020255167077453538
2330,543,0,431_487_to_543,0.013549439941374688,0.009293642966902365
2331,543,0,431_487_to_543,0.002345621172572153,0.0013728937492206216
2334,543,0,431_487_to_543,0.0032086038716413385,0.0019312164942806432
2335,543,0,431_487_to_543,0.04485598753798435,0.0345038618645204
2336,543,0,431_487_to_543,0.03643765745454905,0.027457931255377564
2337,543,0,431_487_to_543,0.0024087690694786583,0.001413193402768573
2338,543,0,431_487_to_543,0.07805815503512384,0.06354559798420935
2340,543,0,431_487_to_543,0.010084275135727266,0.006731147663783092
2341,543,0,431_487_to_543,0.002709696242462712,0.0016065095050025267
2342,543,0,431_487_to_543,0.00798035401187412,0.005214178592680929
2343,543,0,431_487_to_543,0.006375643739995467,0.004081696992784045
2344,543,0,431_487_to_543,0.022567460689469705,0.016237679132664457
2345,543,0,431_487_to_543,0.027379758237117125,0.020067541068774362
2346,543,0,431_487_to_543,0.1038582048347217,0.08716384629423553
2347,543,0,431_487_to_543,0.010469382517275794,0.007012265358789344
2349,543,0,431_487_to_543,0.013522180277720843,0.00927321468575351
2350,543,1,431_487_to_543,0.18019668240603723,0.16078472310301503
2351,543,0,431_487_to_543,0.002443222994091141,0.001435221424804306
2352,543,0,431_487_to_543,0.03720776473053375,0.02809589341188509
2353,543,1,431_487_to_543,0.19914231325640677,0.17972717406222513
2354,543,0,431_487_to_543,0.010975271211797578,0.007383035469639878
2356,543,0,431_487_to_543,0.022703890346965024,0.016345202691128134
2357,543,0,431_487_to_543,0.32092231203064897,0.30585314391145274
2358,543,0,431_487_to_543,0.02811194738453973,0.020656583658830316
2359,543,0,431_487_to_543,0.009306757316363446,0.0061667018775625115
2360,543,0,431_487_to_543,0.00424204470234938,0.00261787655775665
2361,543,0,431_487_to_543,0.04587330092721164,0.03536550711198855
2362,543,0,431_487_to_543,0.267146552483795,0.24935975496979107
2363,543,0,431_487_to_543,0.02484791723807909,0.018043264824806438
2364,543,0,431_487_to_543,0.002129502093995263,0.0012357233074448304
2366,543,0,431_487_to_543,0.003465847560941347,0.0021004831608793513
2367,543,0,431_487_to_543,0.006040123901905562,0.0038480385927747566
2368,543,1,431_487_to_543,0.04583340885183519,0.035331680225723805
2369,543,0,431_487_to_543,0.01965154501868353,0.013955668244848661
2370,543,0,431_487_to_543,0.0029673163003446352,0.0017735603441180825
2371,543,0,431_487_to_543,0.018428206298427327,0.01300796160129263
2372,543,0,431_487_to_543,0.010012947527842384,0.00667919062373524
2373,543,0,431_487_to_543,0.004452358391315425,0.00275963033840108
2374,543,0,431_487_to_543,0.004902005689021091,0.0030647222188228728
2375,543,0,431_487_to_543,0.004262059331044211,0.002631339550250756
2376,543,0,431_487_to_543,0.005412408314410243,0.0034141488008311593
2377,543,0,431_487_to_543,0.012798503848493875,0.008732363480967233
2378,543,0,431_487_to_543,0.0012763848417524934,0.0007077728435548726
2379,543,0,431_487_to_543,0.06333103227001576,0.050447502706872295
2380,543,0,431_487_to_543,0.0026639175581824885,0.0015769707119009867
2381,543,0,431_487_to_543,0.018551762730759137,0.013103404826916803
2382,543,0,431_487_to_543,0.034409515634423585,0.025784629464164037
2385,543,0,431_487_to_543,0.015749803508646916,0.010955078931564307
2386,543,0,431_487_to_543,0.19663887817622183,0.17721133620168272
2387,543,0,431_487_to_543,0.27191828269031915,0.25432801628634555
2388,543,0,431_487_to_543,0.06207411943181134,0.049344453262984554
2389,543,0,431_487_to_543,0.048472112844186434,0.03757592679081511
2390,543,0,431_487_to_543,0.14419175181485006,0.12546349190036302
2391,543,0,431_487_to_543,0.050454104049827836,0.03927040158112034
2392,543,0,431_487_to_543,0.13616189174904636,0.11772210467186159
2393,543,0,431_487_to_543,0.014016383017473578,0.00964417642042992
2394,543,0,431_487_to_543,0.043438735165900244,0.03330697951586212
2395,543,0,431_487_to_543,0.0039681091282638345,0.0024342040450591384
2397,543,0,431_487_to_543,0.048114072220626,0.03727061761469937
2398,543,0,431_487_to_543,0.011358335981691314,0.007664871982987632
2400,543,0,431_487_to_543,0.003290349628276456,0.0019848766499240503
2401,543,0,431_487_to_543,0.017700922812437476,0.012447445997102248
2402,543,0,431_487_to_543,0.14084008219282143,0.1222257321063855
2405,543,0,431_487_to_543,0.010643171671860765,0.007139449550096866
2406,543,0,431_487_to_543,0.00344514537470094,0.002086817775603562
2407,543,0,431_487_to_543,0.002552257262889168,0.0015051148191787356
2408,543,0,431_487_to_543,0.7552137050617224,0.7723500056462916
2410,543,0,431_487_to_543,0.15900755796661636,0.13988243154714783
2411,543,0,431_487_to_543,0.010908066624199112,0.007333685620096782
2412,543,0,431_487_to_543,0.001736928856608627,0.0009898303709483891
2413,543,0,431_487_to_543,0.32506929151251923,0.3102511850765057
2414,543,1,431_487_to_543,0.5015144081882086,0.500622342578621
2416,543,0,431_487_to_543,0.005244079637727684,0.0032985604125314776
2418,543,0,431_487_to_543,0.016577720250463873,0.011586252308080492
2419,543,0,431_487_to_543,0.042066143964237544,0.032151790422904857
2420,543,0,431_487_to_543,0.02238413172412423,0.01609329550457446
2421,543,0,431_487_to_543,0.007846677163158811,0.005118963217014514
2423,543,0,431_487_to_543,0.05862882205655747,0.04633380208641093
2424,543,0,431_487_to_543,0.006710831591876421,0.004316262375889862
2425,543,0,431_487_to_543,0.05024710138496946,0.03909308394588048
2426,543,0,431_487_to_543,0.006947741453510414,0.004482711620410247
2427,543,0,431_487_to_543,0.002632630028590286,0.0015568086198488671
2428,543,0,431_487_to_543,0.32819327881140387,0.3135677705826405
2429,543,0,431_487_to_543,0.013158937334976866,0.009001382411445553
2430,543,0,431_487_to_543,0.088038710915889,0.07258835575255664
2431,543,0,431_487_to_543,0.16933992182584337,0.15003554712149442
2432,543,0,431_487_to_543,0.0015699459367245424,0.0008866809187579796
2433,543,0,431_487_to_543,0.049497698790495544,0.03845181561896956
2434,543,0,431_487_to_543,0.4259800282898802,0.4185780124336411
2435,543,0,431_487_to_543,0.022077780271142166,0.01585228766703218
2436,543,0,431_487_to_543,0.6790723641495237,0.6923969988878159
2437,543,0,431_487_to_543,0.041944906078267286,0.03204994656262407
2438,543,0,431_487_to_543,0.00591309757235525,0.0037598851798736925
2439,543,0,431_487_to_543,0.08691313568086612,0.07156232859874778
2440,543,0,431_487_to_543,0.03075013352799064,0.022791777781428723
2441,543,0,431_487_to_543,0.011895302998041975,0.00806145925596612
2442,543,0,431_487_to_543,0.060110436757972154,0.04762615457547621
2445,543,0,431_487_to_543,0.0025914172384435396,0.0015302835260582143
2446,543,0,431_487_to_543,0.003483658660915051,0.002112246082656343
2447,543,0,431_487_to_543,0.042511385895332314,0.03252607651179004
2448,543,0,431_487_to_543,0.0029985315337621755,0.0017938929535192773
2449,543,0,431_487_to_543,0.004921513236215151,0.003078018163738084
2450,543,0,431_487_to_543,0.03251732893763222,0.024232735832731393
2451,543,0,431_487_to_543,0.0036228960681709355,0.0022043882219822016
2452,543,0,431_487_to_543,0.014542771620849692,0.010040685816614273
2453,543,0,431_487_to_543,0.009285320663174185,0.006151200941776812
2454,543,0,431_487_to_543,0.09659089794532999,0.08043301708227293
2455,543,0,431_487_to_543,0.003230569260686966,0.001945623152800805
2456,543,0,431_487_to_543,0.024933129652115943,0.018111066773578665
2457,543,0,431_487_to_543,0.014882963583245142,0.010297681756392132
2458,543,1,431_487_to_543,0.17728109194587965,0.1578901618800862
2459,543,0,431_487_to_543,0.036135538265085435,0.027208038316712854
2460,543,0,431_487_to_543,0.11076199235250517,0.09360989673538994
2461,543,0,431_487_to_543,0.12226316283514561,0.10445399021130353
2462,543,0,431_487_to_543,0.002676638505717998,0.0015851743740320132
2463,543,1,431_487_to_543,0.5331358627969766,0.5350211823234403
2464,543,0,431_487_to_543,0.0272674132230788,0.019977300997504138
2465,543,0,431_487_to_543,0.016103847189529952,0.01122460325003424
2466,543,0,431_487_to_543,0.012836298535522981,0.008760538807128312
2467,543,0,431_487_to_543,0.0013497539779284845,0.0007521729579844041
2468,543,0,431_487_to_543,0.012510472270452164,0.008517903859042794
2469,543,0,431_487_to_543,0.14390853453457395,0.12518954541402977
2470,543,0,431_487_to_543,0.028030970937005156,0.020591360741623762
2471,543,0,431_487_to_543,0.15495765667597772,0.13592420378660822
2472,543,1,431_487_to_543,0.03831326399768404,0.029014121276297523
2474,543,0,431_487_to_543,0.18169380752617498,0.16227324441892405
2475,543,0,431_487_to_543,0.008847304737765025,0.00583521616905639
2476,543,1,431_487_to_543,0.4077251703800528,0.39883379291273946
2477,543,1,431_487_to_543,0.31545925365468386,0.3000675783153569
2478,543,0,431_487_to_543,0.01471211533410611,0.01016854366467013
2479,543,0,431_487_to_543,0.001869885872170658,0.0010726027852449092
2480,543,0,431_487_to_543,0.04655504039626087,0.03594408295967988
2481,543,0,431_487_to_543,0.003942302404338199,0.0024169589770726744
2482,543,0,431_487_to_543,0.2673676146851973,0.24958971090134308
2483,543,0,431_487_to_543,0.004868288604043583,0.003041752774395899
2484,543,0,431_487_to_543,0.005718126096349017,0.003624919742436034
2485,543,0,431_487_to_543,0.03142767909069359,0.023343258201749355
2486,543,0,431_487_to_543,0.007688945301346453,0.005006808521571671
2487,543,0,431_487_to_543,0.14135972138738687,0.12272710725626887
2488,543,0,431_487_to_543,0.007019875790079318,0.004533497555814175
2489,543,0,431_487_to_543,0.0007198733960915321,0.00037946007305790134
2490,543,0,431_487_to_543,0.1644716927948995,0.1452421652161938
2491,543,0,431_487_to_543,0.08086811297559475,0.06607872736366228
2492,543,0,431_487_to_543,0.021594093405994386,0.01547245018600638
2493,543,1,431_487_to_543,0.03857829018367099,0.02923467054247125
2494,543,0,431_487_to_543,0.055435150501539666,0.043560489431889705
2495,543,1,431_487_to_543,0.27301011194674946,0.2554661440733765
2496,543,0,431_487_to_543,0.012998773904562355,0.008881751860700704
2497,543,0,431_487_to_543,0.00244963187258185,0.001439322018671428
2498,543,0,431_487_to_543,0.00842904021114593,0.00553484617085055
2499,543,0,431_487_to_543,0.0274279153738946,0.020106234392043107
2500,543,0,431_487_to_543,0.004178877588957841,0.0025754247956537497
